2026-03-21 10:37:29 INFO [train] Loading processed data...
2026-03-21 10:37:29 INFO [train] Processing slice file: dataset/data/mpd.slice.0-999.json
2026-03-21 10:37:29 ERROR [train] Full ETL pipeline failed after 0.08 seconds
2026-03-21 10:38:26 INFO [train] Loading processed data...
2026-03-21 10:38:26 INFO [train] Processing slice file: dataset/data/mpd.slice.0-999.json
2026-03-21 10:38:27 ERROR [train] Full ETL pipeline failed after 0.08 seconds
2026-03-21 10:39:20 INFO [train] Loading processed data...
2026-03-21 10:39:20 INFO [train] Processing slice file: dataset/data/mpd.slice.0-999.json
2026-03-21 10:39:21 INFO [train] ETL pipeline finished for all slices
2026-03-21 10:39:21 INFO [train] Full ETL pipeline completed successfully in 0.30 seconds
2026-03-21 10:40:48 INFO [train] Loading processed data...
2026-03-21 10:40:48 INFO [train] Processing slice file: dataset/data/mpd.slice.549000-549999.json
2026-03-21 10:40:48 INFO [train] Processing slice file: dataset/data/mpd.slice.613000-613999.json
2026-03-21 10:40:48 INFO [train] Processing slice file: dataset/data/mpd.slice.115000-115999.json
2026-03-21 10:40:49 INFO [train] Processing slice file: dataset/data/mpd.slice.778000-778999.json
2026-03-21 10:40:49 INFO [train] Processing slice file: dataset/data/mpd.slice.290000-290999.json
2026-03-21 10:40:49 INFO [train] Processing slice file: dataset/data/mpd.slice.596000-596999.json
2026-03-21 10:40:49 INFO [train] Processing slice file: dataset/data/mpd.slice.324000-324999.json
2026-03-21 10:40:50 INFO [train] Processing slice file: dataset/data/mpd.slice.422000-422999.json
2026-03-21 10:40:50 INFO [train] Processing slice file: dataset/data/mpd.slice.974000-974999.json
2026-03-21 10:40:50 INFO [train] Processing slice file: dataset/data/mpd.slice.679000-679999.json
2026-03-21 10:40:50 INFO [train] Processing slice file: dataset/data/mpd.slice.7000-7999.json
2026-03-21 10:40:51 INFO [train] Processing slice file: dataset/data/mpd.slice.391000-391999.json
2026-03-21 10:40:51 INFO [train] Processing slice file: dataset/data/mpd.slice.497000-497999.json
2026-03-21 10:40:51 INFO [train] Processing slice file: dataset/data/mpd.slice.225000-225999.json
2026-03-21 10:40:51 INFO [train] Processing slice file: dataset/data/mpd.slice.523000-523999.json
2026-03-21 10:40:52 INFO [train] Processing slice file: dataset/data/mpd.slice.875000-875999.json
2026-03-21 10:40:52 INFO [train] Processing slice file: dataset/data/mpd.slice.448000-448999.json
2026-03-21 10:40:52 INFO [train] Processing slice file: dataset/data/mpd.slice.712000-712999.json
2026-03-21 10:40:53 INFO [train] Processing slice file: dataset/data/mpd.slice.193000-193999.json
2026-03-21 10:40:53 INFO [train] Processing slice file: dataset/data/mpd.slice.38000-38999.json
2026-03-21 10:40:53 INFO [train] Processing slice file: dataset/data/mpd.slice.695000-695999.json
2026-03-21 10:40:53 INFO [train] Processing slice file: dataset/data/mpd.slice.899000-899999.json
2026-03-21 10:40:54 INFO [train] Processing slice file: dataset/data/mpd.slice.721000-721999.json
2026-03-21 10:40:54 INFO [train] Processing slice file: dataset/data/mpd.slice.510000-510999.json
2026-03-21 10:40:54 INFO [train] Processing slice file: dataset/data/mpd.slice.846000-846999.json
2026-03-21 10:40:54 INFO [train] Processing slice file: dataset/data/mpd.slice.216000-216999.json
2026-03-21 10:40:55 INFO [train] Processing slice file: dataset/data/mpd.slice.411000-411999.json
2026-03-21 10:40:55 INFO [train] Processing slice file: dataset/data/mpd.slice.947000-947999.json
2026-03-21 10:40:55 INFO [train] Processing slice file: dataset/data/mpd.slice.317000-317999.json
2026-03-21 10:40:55 INFO [train] Processing slice file: dataset/data/mpd.slice.22000-22999.json
2026-03-21 10:40:56 INFO [train] Processing slice file: dataset/data/mpd.slice.794000-794999.json
2026-03-21 10:40:56 INFO [train] Processing slice file: dataset/data/mpd.slice.126000-126999.json
2026-03-21 10:40:56 INFO [train] Processing slice file: dataset/data/mpd.slice.998000-998999.json
2026-03-21 10:40:57 INFO [train] Processing slice file: dataset/data/mpd.slice.620000-620999.json
2026-03-21 10:40:57 INFO [train] Processing slice file: dataset/data/mpd.slice.3000-3999.json
2026-03-21 10:40:57 INFO [train] Processing slice file: dataset/data/mpd.slice.70000-70999.json
2026-03-21 10:40:57 INFO [train] Processing slice file: dataset/data/mpd.slice.597000-597999.json
2026-03-21 10:40:58 INFO [train] Processing slice file: dataset/data/mpd.slice.291000-291999.json
2026-03-21 10:40:58 INFO [train] Processing slice file: dataset/data/mpd.slice.779000-779999.json
2026-03-21 10:40:58 INFO [train] Processing slice file: dataset/data/mpd.slice.423000-423999.json
2026-03-21 10:40:58 INFO [train] Processing slice file: dataset/data/mpd.slice.975000-975999.json
2026-03-21 10:40:59 INFO [train] Processing slice file: dataset/data/mpd.slice.325000-325999.json
2026-03-21 10:40:59 INFO [train] Processing slice file: dataset/data/mpd.slice.548000-548999.json
2026-03-21 10:40:59 INFO [train] Processing slice file: dataset/data/mpd.slice.114000-114999.json
2026-03-21 10:40:59 INFO [train] Processing slice file: dataset/data/mpd.slice.612000-612999.json
2026-03-21 10:41:00 INFO [train] Processing slice file: dataset/data/mpd.slice.449000-449999.json
2026-03-21 10:41:00 INFO [train] Processing slice file: dataset/data/mpd.slice.713000-713999.json
2026-03-21 10:41:00 INFO [train] Processing slice file: dataset/data/mpd.slice.496000-496999.json
2026-03-21 10:41:01 INFO [train] Processing slice file: dataset/data/mpd.slice.390000-390999.json
2026-03-21 10:41:01 INFO [train] Processing slice file: dataset/data/mpd.slice.678000-678999.json
2026-03-21 10:41:01 INFO [train] Processing slice file: dataset/data/mpd.slice.522000-522999.json
2026-03-21 10:41:01 INFO [train] Processing slice file: dataset/data/mpd.slice.874000-874999.json
2026-03-21 10:41:02 INFO [train] Processing slice file: dataset/data/mpd.slice.224000-224999.json
2026-03-21 10:41:02 INFO [train] Processing slice file: dataset/data/mpd.slice.81000-81999.json
2026-03-21 10:41:02 INFO [train] Processing slice file: dataset/data/mpd.slice.217000-217999.json
2026-03-21 10:41:02 INFO [train] Processing slice file: dataset/data/mpd.slice.511000-511999.json
2026-03-21 10:41:03 INFO [train] Processing slice file: dataset/data/mpd.slice.847000-847999.json
2026-03-21 10:41:03 INFO [train] Processing slice file: dataset/data/mpd.slice.694000-694999.json
2026-03-21 10:41:03 INFO [train] Processing slice file: dataset/data/mpd.slice.192000-192999.json
2026-03-21 10:41:03 INFO [train] Processing slice file: dataset/data/mpd.slice.720000-720999.json
2026-03-21 10:41:04 INFO [train] Processing slice file: dataset/data/mpd.slice.898000-898999.json
2026-03-21 10:41:04 INFO [train] Processing slice file: dataset/data/mpd.slice.54000-54999.json
2026-03-21 10:41:04 INFO [train] Processing slice file: dataset/data/mpd.slice.795000-795999.json
2026-03-21 10:41:05 INFO [train] Processing slice file: dataset/data/mpd.slice.621000-621999.json
2026-03-21 10:41:05 INFO [train] Processing slice file: dataset/data/mpd.slice.999000-999999.json
2026-03-21 10:41:05 INFO [train] Processing slice file: dataset/data/mpd.slice.127000-127999.json
2026-03-21 10:41:05 INFO [train] Processing slice file: dataset/data/mpd.slice.316000-316999.json
2026-03-21 10:41:06 INFO [train] Processing slice file: dataset/data/mpd.slice.410000-410999.json
2026-03-21 10:41:06 INFO [train] Processing slice file: dataset/data/mpd.slice.946000-946999.json
2026-03-21 10:41:06 INFO [train] Processing slice file: dataset/data/mpd.slice.227000-227999.json
2026-03-21 10:41:06 INFO [train] Processing slice file: dataset/data/mpd.slice.84000-84999.json
2026-03-21 10:41:07 INFO [train] Processing slice file: dataset/data/mpd.slice.877000-877999.json
2026-03-21 10:41:07 INFO [train] Processing slice file: dataset/data/mpd.slice.521000-521999.json
2026-03-21 10:41:07 INFO [train] Processing slice file: dataset/data/mpd.slice.393000-393999.json
2026-03-21 10:41:07 INFO [train] Processing slice file: dataset/data/mpd.slice.495000-495999.json
2026-03-21 10:41:08 INFO [train] Processing slice file: dataset/data/mpd.slice.710000-710999.json
2026-03-21 10:41:08 INFO [train] Processing slice file: dataset/data/mpd.slice.611000-611999.json
2026-03-21 10:41:08 INFO [train] Processing slice file: dataset/data/mpd.slice.117000-117999.json
2026-03-21 10:41:09 INFO [train] Processing slice file: dataset/data/mpd.slice.51000-51999.json
2026-03-21 10:41:09 INFO [train] Processing slice file: dataset/data/mpd.slice.326000-326999.json
2026-03-21 10:41:09 INFO [train] Processing slice file: dataset/data/mpd.slice.976000-976999.json
2026-03-21 10:41:09 INFO [train] Processing slice file: dataset/data/mpd.slice.420000-420999.json
2026-03-21 10:41:10 INFO [train] Processing slice file: dataset/data/mpd.slice.292000-292999.json
2026-03-21 10:41:10 INFO [train] Processing slice file: dataset/data/mpd.slice.594000-594999.json
2026-03-21 10:41:10 INFO [train] Processing slice file: dataset/data/mpd.slice.945000-945999.json
2026-03-21 10:41:10 INFO [train] Processing slice file: dataset/data/mpd.slice.413000-413999.json
2026-03-21 10:41:11 INFO [train] Processing slice file: dataset/data/mpd.slice.75000-75999.json
2026-03-21 10:41:11 INFO [train] Processing slice file: dataset/data/mpd.slice.315000-315999.json
2026-03-21 10:41:11 INFO [train] Processing slice file: dataset/data/mpd.slice.749000-749999.json
2026-03-21 10:41:11 INFO [train] Processing slice file: dataset/data/mpd.slice.124000-124999.json
2026-03-21 10:41:12 INFO [train] Processing slice file: dataset/data/mpd.slice.622000-622999.json
2026-03-21 10:41:12 INFO [train] Processing slice file: dataset/data/mpd.slice.578000-578999.json
2026-03-21 10:41:12 INFO [train] Processing slice file: dataset/data/mpd.slice.796000-796999.json
2026-03-21 10:41:13 INFO [train] Processing slice file: dataset/data/mpd.slice.723000-723999.json
2026-03-21 10:41:13 INFO [train] Processing slice file: dataset/data/mpd.slice.191000-191999.json
2026-03-21 10:41:13 INFO [train] Processing slice file: dataset/data/mpd.slice.479000-479999.json
2026-03-21 10:41:13 INFO [train] Processing slice file: dataset/data/mpd.slice.697000-697999.json
2026-03-21 10:41:14 INFO [train] Processing slice file: dataset/data/mpd.slice.844000-844999.json
2026-03-21 10:41:14 INFO [train] Processing slice file: dataset/data/mpd.slice.512000-512999.json
2026-03-21 10:41:14 INFO [train] Processing slice file: dataset/data/mpd.slice.214000-214999.json
2026-03-21 10:41:14 INFO [train] Processing slice file: dataset/data/mpd.slice.648000-648999.json
2026-03-21 10:41:15 INFO [train] Processing slice file: dataset/data/mpd.slice.711000-711999.json
2026-03-21 10:41:15 INFO [train] Processing slice file: dataset/data/mpd.slice.876000-876999.json
2026-03-21 10:41:15 INFO [train] Processing slice file: dataset/data/mpd.slice.520000-520999.json
2026-03-21 10:41:15 INFO [train] Processing slice file: dataset/data/mpd.slice.226000-226999.json
2026-03-21 10:41:16 INFO [train] Processing slice file: dataset/data/mpd.slice.494000-494999.json
2026-03-21 10:41:16 INFO [train] Processing slice file: dataset/data/mpd.slice.392000-392999.json
2026-03-21 10:41:16 INFO [train] Processing slice file: dataset/data/mpd.slice.977000-977999.json
2026-03-21 10:41:17 INFO [train] Processing slice file: dataset/data/mpd.slice.421000-421999.json
2026-03-21 10:41:17 INFO [train] Processing slice file: dataset/data/mpd.slice.327000-327999.json
2026-03-21 10:41:17 INFO [train] Processing slice file: dataset/data/mpd.slice.595000-595999.json
2026-03-21 10:41:17 INFO [train] Processing slice file: dataset/data/mpd.slice.293000-293999.json
2026-03-21 10:41:18 INFO [train] Processing slice file: dataset/data/mpd.slice.116000-116999.json
2026-03-21 10:41:18 INFO [train] Processing slice file: dataset/data/mpd.slice.610000-610999.json
2026-03-21 10:41:18 INFO [train] Processing slice file: dataset/data/mpd.slice.27000-27999.json
2026-03-21 10:41:18 INFO [train] Processing slice file: dataset/data/mpd.slice.6000-6999.json
2026-03-21 10:41:19 INFO [train] Processing slice file: dataset/data/mpd.slice.623000-623999.json
2026-03-21 10:41:19 INFO [train] Processing slice file: dataset/data/mpd.slice.125000-125999.json
2026-03-21 10:41:19 INFO [train] Processing slice file: dataset/data/mpd.slice.797000-797999.json
2026-03-21 10:41:19 INFO [train] Processing slice file: dataset/data/mpd.slice.579000-579999.json
2026-03-21 10:41:20 INFO [train] Processing slice file: dataset/data/mpd.slice.314000-314999.json
2026-03-21 10:41:20 INFO [train] Processing slice file: dataset/data/mpd.slice.944000-944999.json
2026-03-21 10:41:20 INFO [train] Processing slice file: dataset/data/mpd.slice.412000-412999.json
2026-03-21 10:41:20 INFO [train] Processing slice file: dataset/data/mpd.slice.748000-748999.json
2026-03-21 10:41:21 INFO [train] Processing slice file: dataset/data/mpd.slice.215000-215999.json
2026-03-21 10:41:21 INFO [train] Processing slice file: dataset/data/mpd.slice.19000-19999.json
2026-03-21 10:41:21 INFO [train] Processing slice file: dataset/data/mpd.slice.845000-845999.json
2026-03-21 10:41:22 INFO [train] Processing slice file: dataset/data/mpd.slice.513000-513999.json
2026-03-21 10:41:22 INFO [train] Processing slice file: dataset/data/mpd.slice.2000-2999.json
2026-03-21 10:41:22 INFO [train] Processing slice file: dataset/data/mpd.slice.649000-649999.json
2026-03-21 10:41:22 INFO [train] Processing slice file: dataset/data/mpd.slice.722000-722999.json
2026-03-21 10:41:23 INFO [train] Processing slice file: dataset/data/mpd.slice.696000-696999.json
2026-03-21 10:41:23 INFO [train] Processing slice file: dataset/data/mpd.slice.478000-478999.json
2026-03-21 10:41:23 INFO [train] Processing slice file: dataset/data/mpd.slice.190000-190999.json
2026-03-21 10:41:23 INFO [train] Processing slice file: dataset/data/mpd.slice.540000-540999.json
2026-03-21 10:41:24 INFO [train] Processing slice file: dataset/data/mpd.slice.816000-816999.json
2026-03-21 10:41:24 INFO [train] Processing slice file: dataset/data/mpd.slice.246000-246999.json
2026-03-21 10:41:24 INFO [train] Processing slice file: dataset/data/mpd.slice.37000-37999.json
2026-03-21 10:41:25 INFO [train] Processing slice file: dataset/data/mpd.slice.299000-299999.json
2026-03-21 10:41:25 INFO [train] Processing slice file: dataset/data/mpd.slice.771000-771999.json
2026-03-21 10:41:25 INFO [train] Processing slice file: dataset/data/mpd.slice.176000-176999.json
2026-03-21 10:41:25 INFO [train] Processing slice file: dataset/data/mpd.slice.398000-398999.json
2026-03-21 10:41:26 INFO [train] Processing slice file: dataset/data/mpd.slice.670000-670999.json
2026-03-21 10:41:26 INFO [train] Processing slice file: dataset/data/mpd.slice.441000-441999.json
2026-03-21 10:41:26 INFO [train] Processing slice file: dataset/data/mpd.slice.917000-917999.json
2026-03-21 10:41:26 INFO [train] Processing slice file: dataset/data/mpd.slice.347000-347999.json
2026-03-21 10:41:27 INFO [train] Processing slice file: dataset/data/mpd.slice.374000-374999.json
2026-03-21 10:41:27 INFO [train] Processing slice file: dataset/data/mpd.slice.472000-472999.json
2026-03-21 10:41:27 INFO [train] Processing slice file: dataset/data/mpd.slice.924000-924999.json
2026-03-21 10:41:28 INFO [train] Processing slice file: dataset/data/mpd.slice.728000-728999.json
2026-03-21 10:41:28 INFO [train] Processing slice file: dataset/data/mpd.slice.890000-890999.json
2026-03-21 10:41:28 INFO [train] Processing slice file: dataset/data/mpd.slice.643000-643999.json
2026-03-21 10:41:28 INFO [train] Processing slice file: dataset/data/mpd.slice.145000-145999.json
2026-03-21 10:41:29 INFO [train] Processing slice file: dataset/data/mpd.slice.519000-519999.json
2026-03-21 10:41:29 INFO [train] Processing slice file: dataset/data/mpd.slice.742000-742999.json
2026-03-21 10:41:29 INFO [train] Processing slice file: dataset/data/mpd.slice.13000-13999.json
2026-03-21 10:41:29 INFO [train] Processing slice file: dataset/data/mpd.slice.418000-418999.json
2026-03-21 10:41:30 INFO [train] Processing slice file: dataset/data/mpd.slice.8000-8999.json
2026-03-21 10:41:30 INFO [train] Processing slice file: dataset/data/mpd.slice.275000-275999.json
2026-03-21 10:41:30 INFO [train] Processing slice file: dataset/data/mpd.slice.573000-573999.json
2026-03-21 10:41:31 INFO [train] Processing slice file: dataset/data/mpd.slice.825000-825999.json
2026-03-21 10:41:31 INFO [train] Processing slice file: dataset/data/mpd.slice.629000-629999.json
2026-03-21 10:41:31 INFO [train] Processing slice file: dataset/data/mpd.slice.991000-991999.json
2026-03-21 10:41:31 INFO [train] Processing slice file: dataset/data/mpd.slice.770000-770999.json
2026-03-21 10:41:32 INFO [train] Processing slice file: dataset/data/mpd.slice.298000-298999.json
2026-03-21 10:41:32 INFO [train] Processing slice file: dataset/data/mpd.slice.247000-247999.json
2026-03-21 10:41:32 INFO [train] Processing slice file: dataset/data/mpd.slice.541000-541999.json
2026-03-21 10:41:32 INFO [train] Processing slice file: dataset/data/mpd.slice.817000-817999.json
2026-03-21 10:41:33 INFO [train] Processing slice file: dataset/data/mpd.slice.41000-41999.json
2026-03-21 10:41:33 INFO [train] Processing slice file: dataset/data/mpd.slice.346000-346999.json
2026-03-21 10:41:33 INFO [train] Processing slice file: dataset/data/mpd.slice.440000-440999.json
2026-03-21 10:41:33 INFO [train] Processing slice file: dataset/data/mpd.slice.916000-916999.json
2026-03-21 10:41:34 INFO [train] Processing slice file: dataset/data/mpd.slice.671000-671999.json
2026-03-21 10:41:34 INFO [train] Processing slice file: dataset/data/mpd.slice.399000-399999.json
2026-03-21 10:41:34 INFO [train] Processing slice file: dataset/data/mpd.slice.177000-177999.json
2026-03-21 10:41:35 INFO [train] Processing slice file: dataset/data/mpd.slice.94000-94999.json
2026-03-21 10:41:35 INFO [train] Processing slice file: dataset/data/mpd.slice.144000-144999.json
2026-03-21 10:41:35 INFO [train] Processing slice file: dataset/data/mpd.slice.642000-642999.json
2026-03-21 10:41:35 INFO [train] Processing slice file: dataset/data/mpd.slice.518000-518999.json
2026-03-21 10:41:36 INFO [train] Processing slice file: dataset/data/mpd.slice.473000-473999.json
2026-03-21 10:41:36 INFO [train] Processing slice file: dataset/data/mpd.slice.925000-925999.json
2026-03-21 10:41:36 INFO [train] Processing slice file: dataset/data/mpd.slice.375000-375999.json
2026-03-21 10:41:36 INFO [train] Processing slice file: dataset/data/mpd.slice.891000-891999.json
2026-03-21 10:41:37 INFO [train] Processing slice file: dataset/data/mpd.slice.729000-729999.json
2026-03-21 10:41:37 INFO [train] Processing slice file: dataset/data/mpd.slice.572000-572999.json
2026-03-21 10:41:37 INFO [train] Processing slice file: dataset/data/mpd.slice.824000-824999.json
2026-03-21 10:41:38 INFO [train] Processing slice file: dataset/data/mpd.slice.274000-274999.json
2026-03-21 10:41:38 INFO [train] Processing slice file: dataset/data/mpd.slice.990000-990999.json
2026-03-21 10:41:38 INFO [train] Processing slice file: dataset/data/mpd.slice.628000-628999.json
2026-03-21 10:41:38 INFO [train] Processing slice file: dataset/data/mpd.slice.743000-743999.json
2026-03-21 10:41:39 INFO [train] Processing slice file: dataset/data/mpd.slice.419000-419999.json
2026-03-21 10:41:39 INFO [train] Processing slice file: dataset/data/mpd.slice.65000-65999.json
2026-03-21 10:41:39 INFO [train] Processing slice file: dataset/data/mpd.slice.528000-528999.json
2026-03-21 10:41:40 INFO [train] Processing slice file: dataset/data/mpd.slice.174000-174999.json
2026-03-21 10:41:40 INFO [train] Processing slice file: dataset/data/mpd.slice.672000-672999.json
2026-03-21 10:41:40 INFO [train] Processing slice file: dataset/data/mpd.slice.719000-719999.json
2026-03-21 10:41:40 INFO [train] Processing slice file: dataset/data/mpd.slice.915000-915999.json
2026-03-21 10:41:41 INFO [train] Processing slice file: dataset/data/mpd.slice.443000-443999.json
2026-03-21 10:41:41 INFO [train] Processing slice file: dataset/data/mpd.slice.345000-345999.json
2026-03-21 10:41:41 INFO [train] Processing slice file: dataset/data/mpd.slice.618000-618999.json
2026-03-21 10:41:41 INFO [train] Processing slice file: dataset/data/mpd.slice.814000-814999.json
2026-03-21 10:41:42 INFO [train] Processing slice file: dataset/data/mpd.slice.542000-542999.json
2026-03-21 10:41:42 INFO [train] Processing slice file: dataset/data/mpd.slice.244000-244999.json
2026-03-21 10:41:42 INFO [train] Processing slice file: dataset/data/mpd.slice.429000-429999.json
2026-03-21 10:41:43 INFO [train] Processing slice file: dataset/data/mpd.slice.773000-773999.json
2026-03-21 10:41:43 INFO [train] Processing slice file: dataset/data/mpd.slice.60000-60999.json
2026-03-21 10:41:43 INFO [train] Processing slice file: dataset/data/mpd.slice.740000-740999.json
2026-03-21 10:41:43 INFO [train] Processing slice file: dataset/data/mpd.slice.993000-993999.json
2026-03-21 10:41:44 INFO [train] Processing slice file: dataset/data/mpd.slice.277000-277999.json
2026-03-21 10:41:44 INFO [train] Processing slice file: dataset/data/mpd.slice.827000-827999.json
2026-03-21 10:41:44 INFO [train] Processing slice file: dataset/data/mpd.slice.571000-571999.json
2026-03-21 10:41:45 INFO [train] Processing slice file: dataset/data/mpd.slice.44000-44999.json
2026-03-21 10:41:45 INFO [train] Processing slice file: dataset/data/mpd.slice.892000-892999.json
2026-03-21 10:41:45 INFO [train] Processing slice file: dataset/data/mpd.slice.376000-376999.json
2026-03-21 10:41:45 INFO [train] Processing slice file: dataset/data/mpd.slice.926000-926999.json
2026-03-21 10:41:46 INFO [train] Processing slice file: dataset/data/mpd.slice.470000-470999.json
2026-03-21 10:41:46 INFO [train] Processing slice file: dataset/data/mpd.slice.198000-198999.json
2026-03-21 10:41:46 INFO [train] Processing slice file: dataset/data/mpd.slice.91000-91999.json
2026-03-21 10:41:46 INFO [train] Processing slice file: dataset/data/mpd.slice.641000-641999.json
2026-03-21 10:41:47 INFO [train] Processing slice file: dataset/data/mpd.slice.147000-147999.json
2026-03-21 10:41:47 INFO [train] Processing slice file: dataset/data/mpd.slice.718000-718999.json
2026-03-21 10:41:47 INFO [train] Processing slice file: dataset/data/mpd.slice.344000-344999.json
2026-03-21 10:41:48 INFO [train] Processing slice file: dataset/data/mpd.slice.914000-914999.json
2026-03-21 10:41:48 INFO [train] Processing slice file: dataset/data/mpd.slice.442000-442999.json
2026-03-21 10:41:48 INFO [train] Processing slice file: dataset/data/mpd.slice.529000-529999.json
2026-03-21 10:41:48 INFO [train] Processing slice file: dataset/data/mpd.slice.673000-673999.json
2026-03-21 10:41:49 INFO [train] Processing slice file: dataset/data/mpd.slice.175000-175999.json
2026-03-21 10:41:49 INFO [train] Processing slice file: dataset/data/mpd.slice.428000-428999.json
2026-03-21 10:41:49 INFO [train] Processing slice file: dataset/data/mpd.slice.772000-772999.json
2026-03-21 10:41:50 INFO [train] Processing slice file: dataset/data/mpd.slice.16000-16999.json
2026-03-21 10:41:50 INFO [train] Processing slice file: dataset/data/mpd.slice.619000-619999.json
2026-03-21 10:41:50 INFO [train] Processing slice file: dataset/data/mpd.slice.245000-245999.json
2026-03-21 10:41:50 INFO [train] Processing slice file: dataset/data/mpd.slice.815000-815999.json
2026-03-21 10:41:51 INFO [train] Processing slice file: dataset/data/mpd.slice.543000-543999.json
2026-03-21 10:41:51 INFO [train] Processing slice file: dataset/data/mpd.slice.992000-992999.json
2026-03-21 10:41:51 INFO [train] Processing slice file: dataset/data/mpd.slice.826000-826999.json
2026-03-21 10:41:51 INFO [train] Processing slice file: dataset/data/mpd.slice.570000-570999.json
2026-03-21 10:41:52 INFO [train] Processing slice file: dataset/data/mpd.slice.32000-32999.json
2026-03-21 10:41:52 INFO [train] Processing slice file: dataset/data/mpd.slice.276000-276999.json
2026-03-21 10:41:52 INFO [train] Processing slice file: dataset/data/mpd.slice.741000-741999.json
2026-03-21 10:41:53 INFO [train] Processing slice file: dataset/data/mpd.slice.146000-146999.json
2026-03-21 10:41:53 INFO [train] Processing slice file: dataset/data/mpd.slice.640000-640999.json
2026-03-21 10:41:53 INFO [train] Processing slice file: dataset/data/mpd.slice.893000-893999.json
2026-03-21 10:41:53 INFO [train] Processing slice file: dataset/data/mpd.slice.9000-9999.json
2026-03-21 10:41:54 INFO [train] Processing slice file: dataset/data/mpd.slice.199000-199999.json
2026-03-21 10:41:54 INFO [train] Processing slice file: dataset/data/mpd.slice.927000-927999.json
2026-03-21 10:41:54 INFO [train] Processing slice file: dataset/data/mpd.slice.471000-471999.json
2026-03-21 10:41:55 INFO [train] Processing slice file: dataset/data/mpd.slice.28000-28999.json
2026-03-21 10:41:55 INFO [train] Processing slice file: dataset/data/mpd.slice.377000-377999.json
2026-03-21 10:41:55 INFO [train] Processing slice file: dataset/data/mpd.slice.880000-880999.json
2026-03-21 10:41:55 INFO [train] Processing slice file: dataset/data/mpd.slice.738000-738999.json
2026-03-21 10:41:56 INFO [train] Processing slice file: dataset/data/mpd.slice.934000-934999.json
2026-03-21 10:41:56 INFO [train] Processing slice file: dataset/data/mpd.slice.462000-462999.json
2026-03-21 10:41:56 INFO [train] Processing slice file: dataset/data/mpd.slice.364000-364999.json
2026-03-21 10:41:57 INFO [train] Processing slice file: dataset/data/mpd.slice.509000-509999.json
2026-03-21 10:41:57 INFO [train] Processing slice file: dataset/data/mpd.slice.155000-155999.json
2026-03-21 10:41:57 INFO [train] Processing slice file: dataset/data/mpd.slice.653000-653999.json
2026-03-21 10:41:57 INFO [train] Processing slice file: dataset/data/mpd.slice.408000-408999.json
2026-03-21 10:41:58 INFO [train] Processing slice file: dataset/data/mpd.slice.10000-10999.json
2026-03-21 10:41:58 INFO [train] Processing slice file: dataset/data/mpd.slice.752000-752999.json
2026-03-21 10:41:58 INFO [train] Processing slice file: dataset/data/mpd.slice.981000-981999.json
2026-03-21 10:41:59 INFO [train] Processing slice file: dataset/data/mpd.slice.639000-639999.json
2026-03-21 10:41:59 INFO [train] Processing slice file: dataset/data/mpd.slice.835000-835999.json
2026-03-21 10:41:59 INFO [train] Processing slice file: dataset/data/mpd.slice.563000-563999.json
2026-03-21 10:41:59 INFO [train] Processing slice file: dataset/data/mpd.slice.265000-265999.json
2026-03-21 10:42:00 INFO [train] Processing slice file: dataset/data/mpd.slice.34000-34999.json
2026-03-21 10:42:00 INFO [train] Processing slice file: dataset/data/mpd.slice.256000-256999.json
2026-03-21 10:42:00 INFO [train] Processing slice file: dataset/data/mpd.slice.806000-806999.json
2026-03-21 10:42:01 INFO [train] Processing slice file: dataset/data/mpd.slice.550000-550999.json
2026-03-21 10:42:01 INFO [train] Processing slice file: dataset/data/mpd.slice.289000-289999.json
2026-03-21 10:42:01 INFO [train] Processing slice file: dataset/data/mpd.slice.761000-761999.json
2026-03-21 10:42:01 INFO [train] Processing slice file: dataset/data/mpd.slice.388000-388999.json
2026-03-21 10:42:02 INFO [train] Processing slice file: dataset/data/mpd.slice.660000-660999.json
2026-03-21 10:42:02 INFO [train] Processing slice file: dataset/data/mpd.slice.166000-166999.json
2026-03-21 10:42:02 INFO [train] Processing slice file: dataset/data/mpd.slice.357000-357999.json
2026-03-21 10:42:03 INFO [train] Processing slice file: dataset/data/mpd.slice.907000-907999.json
2026-03-21 10:42:03 INFO [train] Processing slice file: dataset/data/mpd.slice.451000-451999.json
2026-03-21 10:42:03 INFO [train] Processing slice file: dataset/data/mpd.slice.508000-508999.json
2026-03-21 10:42:03 INFO [train] Processing slice file: dataset/data/mpd.slice.652000-652999.json
2026-03-21 10:42:04 INFO [train] Processing slice file: dataset/data/mpd.slice.154000-154999.json
2026-03-21 10:42:04 INFO [train] Processing slice file: dataset/data/mpd.slice.739000-739999.json
2026-03-21 10:42:04 INFO [train] Processing slice file: dataset/data/mpd.slice.881000-881999.json
2026-03-21 10:42:05 INFO [train] Processing slice file: dataset/data/mpd.slice.365000-365999.json
2026-03-21 10:42:05 INFO [train] Processing slice file: dataset/data/mpd.slice.935000-935999.json
2026-03-21 10:42:05 INFO [train] Processing slice file: dataset/data/mpd.slice.463000-463999.json
2026-03-21 10:42:05 INFO [train] Processing slice file: dataset/data/mpd.slice.638000-638999.json
2026-03-21 10:42:06 INFO [train] Processing slice file: dataset/data/mpd.slice.980000-980999.json
2026-03-21 10:42:06 INFO [train] Processing slice file: dataset/data/mpd.slice.264000-264999.json
2026-03-21 10:42:06 INFO [train] Processing slice file: dataset/data/mpd.slice.834000-834999.json
2026-03-21 10:42:06 INFO [train] Processing slice file: dataset/data/mpd.slice.562000-562999.json
2026-03-21 10:42:07 INFO [train] Processing slice file: dataset/data/mpd.slice.66000-66999.json
2026-03-21 10:42:07 INFO [train] Processing slice file: dataset/data/mpd.slice.409000-409999.json
2026-03-21 10:42:07 INFO [train] Processing slice file: dataset/data/mpd.slice.753000-753999.json
2026-03-21 10:42:08 INFO [train] Processing slice file: dataset/data/mpd.slice.760000-760999.json
2026-03-21 10:42:08 INFO [train] Processing slice file: dataset/data/mpd.slice.288000-288999.json
2026-03-21 10:42:08 INFO [train] Processing slice file: dataset/data/mpd.slice.42000-42999.json
2026-03-21 10:42:09 INFO [train] Processing slice file: dataset/data/mpd.slice.807000-807999.json
2026-03-21 10:42:09 INFO [train] Processing slice file: dataset/data/mpd.slice.551000-551999.json
2026-03-21 10:42:09 INFO [train] Processing slice file: dataset/data/mpd.slice.257000-257999.json
2026-03-21 10:42:09 INFO [train] Processing slice file: dataset/data/mpd.slice.58000-58999.json
2026-03-21 10:42:10 INFO [train] Processing slice file: dataset/data/mpd.slice.906000-906999.json
2026-03-21 10:42:10 INFO [train] Processing slice file: dataset/data/mpd.slice.450000-450999.json
2026-03-21 10:42:10 INFO [train] Processing slice file: dataset/data/mpd.slice.356000-356999.json
2026-03-21 10:42:11 INFO [train] Processing slice file: dataset/data/mpd.slice.97000-97999.json
2026-03-21 10:42:11 INFO [train] Processing slice file: dataset/data/mpd.slice.167000-167999.json
2026-03-21 10:42:11 INFO [train] Processing slice file: dataset/data/mpd.slice.661000-661999.json
2026-03-21 10:42:11 INFO [train] Processing slice file: dataset/data/mpd.slice.389000-389999.json
2026-03-21 10:42:12 INFO [train] Processing slice file: dataset/data/mpd.slice.88000-88999.json
2026-03-21 10:42:12 INFO [train] Processing slice file: dataset/data/mpd.slice.750000-750999.json
2026-03-21 10:42:12 INFO [train] Processing slice file: dataset/data/mpd.slice.561000-561999.json
2026-03-21 10:42:12 INFO [train] Processing slice file: dataset/data/mpd.slice.837000-837999.json
2026-03-21 10:42:13 INFO [train] Processing slice file: dataset/data/mpd.slice.47000-47999.json
2026-03-21 10:42:13 INFO [train] Processing slice file: dataset/data/mpd.slice.267000-267999.json
2026-03-21 10:42:13 INFO [train] Processing slice file: dataset/data/mpd.slice.983000-983999.json
2026-03-21 10:42:14 INFO [train] Processing slice file: dataset/data/mpd.slice.460000-460999.json
2026-03-21 10:42:14 INFO [train] Processing slice file: dataset/data/mpd.slice.936000-936999.json
2026-03-21 10:42:14 INFO [train] Processing slice file: dataset/data/mpd.slice.188000-188999.json
2026-03-21 10:42:14 INFO [train] Processing slice file: dataset/data/mpd.slice.366000-366999.json
2026-03-21 10:42:15 INFO [train] Processing slice file: dataset/data/mpd.slice.882000-882999.json
2026-03-21 10:42:15 INFO [train] Processing slice file: dataset/data/mpd.slice.92000-92999.json
2026-03-21 10:42:15 INFO [train] Processing slice file: dataset/data/mpd.slice.157000-157999.json
2026-03-21 10:42:16 INFO [train] Processing slice file: dataset/data/mpd.slice.651000-651999.json
2026-03-21 10:42:16 INFO [train] Processing slice file: dataset/data/mpd.slice.662000-662999.json
2026-03-21 10:42:16 INFO [train] Processing slice file: dataset/data/mpd.slice.79000-79999.json
2026-03-21 10:42:16 INFO [train] Processing slice file: dataset/data/mpd.slice.164000-164999.json
2026-03-21 10:42:17 INFO [train] Processing slice file: dataset/data/mpd.slice.538000-538999.json
2026-03-21 10:42:17 INFO [train] Processing slice file: dataset/data/mpd.slice.355000-355999.json
2026-03-21 10:42:17 INFO [train] Processing slice file: dataset/data/mpd.slice.453000-453999.json
2026-03-21 10:42:17 INFO [train] Processing slice file: dataset/data/mpd.slice.905000-905999.json
2026-03-21 10:42:18 INFO [train] Processing slice file: dataset/data/mpd.slice.709000-709999.json
2026-03-21 10:42:18 INFO [train] Processing slice file: dataset/data/mpd.slice.254000-254999.json
2026-03-21 10:42:18 INFO [train] Processing slice file: dataset/data/mpd.slice.552000-552999.json
2026-03-21 10:42:19 INFO [train] Processing slice file: dataset/data/mpd.slice.804000-804999.json
2026-03-21 10:42:19 INFO [train] Processing slice file: dataset/data/mpd.slice.608000-608999.json
2026-03-21 10:42:19 INFO [train] Processing slice file: dataset/data/mpd.slice.763000-763999.json
2026-03-21 10:42:19 INFO [train] Processing slice file: dataset/data/mpd.slice.63000-63999.json
2026-03-21 10:42:20 INFO [train] Processing slice file: dataset/data/mpd.slice.439000-439999.json
2026-03-21 10:42:20 INFO [train] Processing slice file: dataset/data/mpd.slice.266000-266999.json
2026-03-21 10:42:20 INFO [train] Processing slice file: dataset/data/mpd.slice.560000-560999.json
2026-03-21 10:42:20 INFO [train] Processing slice file: dataset/data/mpd.slice.836000-836999.json
2026-03-21 10:42:21 INFO [train] Processing slice file: dataset/data/mpd.slice.31000-31999.json
2026-03-21 10:42:21 INFO [train] Processing slice file: dataset/data/mpd.slice.982000-982999.json
2026-03-21 10:42:21 INFO [train] Processing slice file: dataset/data/mpd.slice.751000-751999.json
2026-03-21 10:42:22 INFO [train] Processing slice file: dataset/data/mpd.slice.650000-650999.json
2026-03-21 10:42:22 INFO [train] Processing slice file: dataset/data/mpd.slice.156000-156999.json
2026-03-21 10:42:22 INFO [train] Processing slice file: dataset/data/mpd.slice.0-999.json
2026-03-21 10:42:22 INFO [train] Processing slice file: dataset/data/mpd.slice.367000-367999.json
2026-03-21 10:42:23 INFO [train] Processing slice file: dataset/data/mpd.slice.189000-189999.json
2026-03-21 10:42:23 INFO [train] Processing slice file: dataset/data/mpd.slice.461000-461999.json
2026-03-21 10:42:23 INFO [train] Processing slice file: dataset/data/mpd.slice.937000-937999.json
2026-03-21 10:42:24 INFO [train] Processing slice file: dataset/data/mpd.slice.883000-883999.json
2026-03-21 10:42:24 INFO [train] Processing slice file: dataset/data/mpd.slice.452000-452999.json
2026-03-21 10:42:24 INFO [train] Processing slice file: dataset/data/mpd.slice.904000-904999.json
2026-03-21 10:42:24 INFO [train] Processing slice file: dataset/data/mpd.slice.354000-354999.json
2026-03-21 10:42:25 INFO [train] Processing slice file: dataset/data/mpd.slice.708000-708999.json
2026-03-21 10:42:25 INFO [train] Processing slice file: dataset/data/mpd.slice.165000-165999.json
2026-03-21 10:42:25 INFO [train] Processing slice file: dataset/data/mpd.slice.663000-663999.json
2026-03-21 10:42:25 INFO [train] Processing slice file: dataset/data/mpd.slice.539000-539999.json
2026-03-21 10:42:26 INFO [train] Processing slice file: dataset/data/mpd.slice.762000-762999.json
2026-03-21 10:42:26 INFO [train] Processing slice file: dataset/data/mpd.slice.15000-15999.json
2026-03-21 10:42:26 INFO [train] Processing slice file: dataset/data/mpd.slice.438000-438999.json
2026-03-21 10:42:27 INFO [train] Processing slice file: dataset/data/mpd.slice.553000-553999.json
2026-03-21 10:42:27 INFO [train] Processing slice file: dataset/data/mpd.slice.805000-805999.json
2026-03-21 10:42:27 INFO [train] Processing slice file: dataset/data/mpd.slice.255000-255999.json
2026-03-21 10:42:27 INFO [train] Processing slice file: dataset/data/mpd.slice.609000-609999.json
2026-03-21 10:42:28 INFO [train] Processing slice file: dataset/data/mpd.slice.731000-731999.json
2026-03-21 10:42:28 INFO [train] Processing slice file: dataset/data/mpd.slice.889000-889999.json
2026-03-21 10:42:28 INFO [train] Processing slice file: dataset/data/mpd.slice.685000-685999.json
2026-03-21 10:42:28 INFO [train] Processing slice file: dataset/data/mpd.slice.183000-183999.json
2026-03-21 10:42:29 INFO [train] Processing slice file: dataset/data/mpd.slice.206000-206999.json
2026-03-21 10:42:29 INFO [train] Processing slice file: dataset/data/mpd.slice.856000-856999.json
2026-03-21 10:42:29 INFO [train] Processing slice file: dataset/data/mpd.slice.500000-500999.json
2026-03-21 10:42:30 INFO [train] Processing slice file: dataset/data/mpd.slice.307000-307999.json
2026-03-21 10:42:30 INFO [train] Processing slice file: dataset/data/mpd.slice.957000-957999.json
2026-03-21 10:42:30 INFO [train] Processing slice file: dataset/data/mpd.slice.401000-401999.json
2026-03-21 10:42:30 INFO [train] Processing slice file: dataset/data/mpd.slice.630000-630999.json
2026-03-21 10:42:31 INFO [train] Processing slice file: dataset/data/mpd.slice.136000-136999.json
2026-03-21 10:42:31 INFO [train] Processing slice file: dataset/data/mpd.slice.988000-988999.json
2026-03-21 10:42:31 INFO [train] Processing slice file: dataset/data/mpd.slice.21000-21999.json
2026-03-21 10:42:32 INFO [train] Processing slice file: dataset/data/mpd.slice.784000-784999.json
2026-03-21 10:42:32 INFO [train] Processing slice file: dataset/data/mpd.slice.105000-105999.json
2026-03-21 10:42:32 INFO [train] Processing slice file: dataset/data/mpd.slice.603000-603999.json
2026-03-21 10:42:32 INFO [train] Processing slice file: dataset/data/mpd.slice.559000-559999.json
2026-03-21 10:42:33 INFO [train] Processing slice file: dataset/data/mpd.slice.964000-964999.json
2026-03-21 10:42:33 INFO [train] Processing slice file: dataset/data/mpd.slice.432000-432999.json
2026-03-21 10:42:33 INFO [train] Processing slice file: dataset/data/mpd.slice.334000-334999.json
2026-03-21 10:42:34 INFO [train] Processing slice file: dataset/data/mpd.slice.586000-586999.json
2026-03-21 10:42:34 INFO [train] Processing slice file: dataset/data/mpd.slice.768000-768999.json
2026-03-21 10:42:34 INFO [train] Processing slice file: dataset/data/mpd.slice.280000-280999.json
2026-03-21 10:42:34 INFO [train] Processing slice file: dataset/data/mpd.slice.865000-865999.json
2026-03-21 10:42:35 INFO [train] Processing slice file: dataset/data/mpd.slice.533000-533999.json
2026-03-21 10:42:35 INFO [train] Processing slice file: dataset/data/mpd.slice.235000-235999.json
2026-03-21 10:42:35 INFO [train] Processing slice file: dataset/data/mpd.slice.487000-487999.json
2026-03-21 10:42:36 INFO [train] Processing slice file: dataset/data/mpd.slice.669000-669999.json
2026-03-21 10:42:36 INFO [train] Processing slice file: dataset/data/mpd.slice.381000-381999.json
2026-03-21 10:42:36 INFO [train] Processing slice file: dataset/data/mpd.slice.702000-702999.json
2026-03-21 10:42:36 INFO [train] Processing slice file: dataset/data/mpd.slice.458000-458999.json
2026-03-21 10:42:37 INFO [train] Processing slice file: dataset/data/mpd.slice.857000-857999.json
2026-03-21 10:42:37 INFO [train] Processing slice file: dataset/data/mpd.slice.501000-501999.json
2026-03-21 10:42:37 INFO [train] Processing slice file: dataset/data/mpd.slice.207000-207999.json
2026-03-21 10:42:37 INFO [train] Processing slice file: dataset/data/mpd.slice.82000-82999.json
2026-03-21 10:42:38 INFO [train] Processing slice file: dataset/data/mpd.slice.888000-888999.json
2026-03-21 10:42:38 INFO [train] Processing slice file: dataset/data/mpd.slice.730000-730999.json
2026-03-21 10:42:38 INFO [train] Processing slice file: dataset/data/mpd.slice.182000-182999.json
2026-03-21 10:42:39 INFO [train] Processing slice file: dataset/data/mpd.slice.684000-684999.json
2026-03-21 10:42:39 INFO [train] Processing slice file: dataset/data/mpd.slice.989000-989999.json
2026-03-21 10:42:39 INFO [train] Processing slice file: dataset/data/mpd.slice.137000-137999.json
2026-03-21 10:42:40 INFO [train] Processing slice file: dataset/data/mpd.slice.631000-631999.json
2026-03-21 10:42:40 INFO [train] Processing slice file: dataset/data/mpd.slice.57000-57999.json
2026-03-21 10:42:40 INFO [train] Processing slice file: dataset/data/mpd.slice.785000-785999.json
2026-03-21 10:42:40 INFO [train] Processing slice file: dataset/data/mpd.slice.956000-956999.json
2026-03-21 10:42:41 INFO [train] Processing slice file: dataset/data/mpd.slice.400000-400999.json
2026-03-21 10:42:41 INFO [train] Processing slice file: dataset/data/mpd.slice.306000-306999.json
2026-03-21 10:42:41 INFO [train] Processing slice file: dataset/data/mpd.slice.98000-98999.json
2026-03-21 10:42:42 INFO [train] Processing slice file: dataset/data/mpd.slice.335000-335999.json
2026-03-21 10:42:42 INFO [train] Processing slice file: dataset/data/mpd.slice.965000-965999.json
2026-03-21 10:42:42 INFO [train] Processing slice file: dataset/data/mpd.slice.433000-433999.json
2026-03-21 10:42:42 INFO [train] Processing slice file: dataset/data/mpd.slice.73000-73999.json
2026-03-21 10:42:43 INFO [train] Processing slice file: dataset/data/mpd.slice.281000-281999.json
2026-03-21 10:42:43 INFO [train] Processing slice file: dataset/data/mpd.slice.769000-769999.json
2026-03-21 10:42:43 INFO [train] Processing slice file: dataset/data/mpd.slice.587000-587999.json
2026-03-21 10:42:43 INFO [train] Processing slice file: dataset/data/mpd.slice.602000-602999.json
2026-03-21 10:42:44 INFO [train] Processing slice file: dataset/data/mpd.slice.104000-104999.json
2026-03-21 10:42:44 INFO [train] Processing slice file: dataset/data/mpd.slice.558000-558999.json
2026-03-21 10:42:44 INFO [train] Processing slice file: dataset/data/mpd.slice.703000-703999.json
2026-03-21 10:42:45 INFO [train] Processing slice file: dataset/data/mpd.slice.459000-459999.json
2026-03-21 10:42:45 INFO [train] Processing slice file: dataset/data/mpd.slice.234000-234999.json
2026-03-21 10:42:45 INFO [train] Processing slice file: dataset/data/mpd.slice.864000-864999.json
2026-03-21 10:42:45 INFO [train] Processing slice file: dataset/data/mpd.slice.532000-532999.json
2026-03-21 10:42:46 INFO [train] Processing slice file: dataset/data/mpd.slice.380000-380999.json
2026-03-21 10:42:46 INFO [train] Processing slice file: dataset/data/mpd.slice.668000-668999.json
2026-03-21 10:42:46 INFO [train] Processing slice file: dataset/data/mpd.slice.69000-69999.json
2026-03-21 10:42:47 INFO [train] Processing slice file: dataset/data/mpd.slice.486000-486999.json
2026-03-21 10:42:47 INFO [train] Processing slice file: dataset/data/mpd.slice.759000-759999.json
2026-03-21 10:42:47 INFO [train] Processing slice file: dataset/data/mpd.slice.305000-305999.json
2026-03-21 10:42:47 INFO [train] Processing slice file: dataset/data/mpd.slice.403000-403999.json
2026-03-21 10:42:48 INFO [train] Processing slice file: dataset/data/mpd.slice.955000-955999.json
2026-03-21 10:42:48 INFO [train] Processing slice file: dataset/data/mpd.slice.76000-76999.json
2026-03-21 10:42:48 INFO [train] Processing slice file: dataset/data/mpd.slice.786000-786999.json
2026-03-21 10:42:49 INFO [train] Processing slice file: dataset/data/mpd.slice.568000-568999.json
2026-03-21 10:42:49 INFO [train] Processing slice file: dataset/data/mpd.slice.632000-632999.json
2026-03-21 10:42:49 INFO [train] Processing slice file: dataset/data/mpd.slice.134000-134999.json
2026-03-21 10:42:49 INFO [train] Processing slice file: dataset/data/mpd.slice.687000-687999.json
2026-03-21 10:42:50 INFO [train] Processing slice file: dataset/data/mpd.slice.181000-181999.json
2026-03-21 10:42:50 INFO [train] Processing slice file: dataset/data/mpd.slice.469000-469999.json
2026-03-21 10:42:50 INFO [train] Processing slice file: dataset/data/mpd.slice.733000-733999.json
2026-03-21 10:42:51 INFO [train] Processing slice file: dataset/data/mpd.slice.658000-658999.json
2026-03-21 10:42:51 INFO [train] Processing slice file: dataset/data/mpd.slice.204000-204999.json
2026-03-21 10:42:51 INFO [train] Processing slice file: dataset/data/mpd.slice.502000-502999.json
2026-03-21 10:42:51 INFO [train] Processing slice file: dataset/data/mpd.slice.854000-854999.json
2026-03-21 10:42:52 INFO [train] Processing slice file: dataset/data/mpd.slice.485000-485999.json
2026-03-21 10:42:52 INFO [train] Processing slice file: dataset/data/mpd.slice.383000-383999.json
2026-03-21 10:42:52 INFO [train] Processing slice file: dataset/data/mpd.slice.87000-87999.json
2026-03-21 10:42:52 INFO [train] Processing slice file: dataset/data/mpd.slice.531000-531999.json
2026-03-21 10:42:53 INFO [train] Processing slice file: dataset/data/mpd.slice.867000-867999.json
2026-03-21 10:42:53 INFO [train] Processing slice file: dataset/data/mpd.slice.237000-237999.json
2026-03-21 10:42:53 INFO [train] Processing slice file: dataset/data/mpd.slice.48000-48999.json
2026-03-21 10:42:54 INFO [train] Processing slice file: dataset/data/mpd.slice.700000-700999.json
2026-03-21 10:42:54 INFO [train] Processing slice file: dataset/data/mpd.slice.107000-107999.json
2026-03-21 10:42:54 INFO [train] Processing slice file: dataset/data/mpd.slice.601000-601999.json
2026-03-21 10:42:54 INFO [train] Processing slice file: dataset/data/mpd.slice.52000-52999.json
2026-03-21 10:42:55 INFO [train] Processing slice file: dataset/data/mpd.slice.584000-584999.json
2026-03-21 10:42:55 INFO [train] Processing slice file: dataset/data/mpd.slice.282000-282999.json
2026-03-21 10:42:55 INFO [train] Processing slice file: dataset/data/mpd.slice.430000-430999.json
2026-03-21 10:42:56 INFO [train] Processing slice file: dataset/data/mpd.slice.966000-966999.json
2026-03-21 10:42:56 INFO [train] Processing slice file: dataset/data/mpd.slice.336000-336999.json
2026-03-21 10:42:56 INFO [train] Processing slice file: dataset/data/mpd.slice.569000-569999.json
2026-03-21 10:42:56 INFO [train] Processing slice file: dataset/data/mpd.slice.787000-787999.json
2026-03-21 10:42:57 INFO [train] Processing slice file: dataset/data/mpd.slice.135000-135999.json
2026-03-21 10:42:57 INFO [train] Processing slice file: dataset/data/mpd.slice.633000-633999.json
2026-03-21 10:42:57 INFO [train] Processing slice file: dataset/data/mpd.slice.758000-758999.json
2026-03-21 10:42:58 INFO [train] Processing slice file: dataset/data/mpd.slice.402000-402999.json
2026-03-21 10:42:58 INFO [train] Processing slice file: dataset/data/mpd.slice.954000-954999.json
2026-03-21 10:42:58 INFO [train] Processing slice file: dataset/data/mpd.slice.304000-304999.json
2026-03-21 10:42:59 INFO [train] Processing slice file: dataset/data/mpd.slice.659000-659999.json
2026-03-21 10:42:59 INFO [train] Processing slice file: dataset/data/mpd.slice.503000-503999.json
2026-03-21 10:42:59 INFO [train] Processing slice file: dataset/data/mpd.slice.855000-855999.json
2026-03-21 10:42:59 INFO [train] Processing slice file: dataset/data/mpd.slice.205000-205999.json
2026-03-21 10:43:00 INFO [train] Processing slice file: dataset/data/mpd.slice.468000-468999.json
2026-03-21 10:43:00 INFO [train] Processing slice file: dataset/data/mpd.slice.180000-180999.json
2026-03-21 10:43:00 INFO [train] Processing slice file: dataset/data/mpd.slice.686000-686999.json
2026-03-21 10:43:01 INFO [train] Processing slice file: dataset/data/mpd.slice.732000-732999.json
2026-03-21 10:43:01 INFO [train] Processing slice file: dataset/data/mpd.slice.701000-701999.json
2026-03-21 10:43:01 INFO [train] Processing slice file: dataset/data/mpd.slice.382000-382999.json
2026-03-21 10:43:02 INFO [train] Processing slice file: dataset/data/mpd.slice.484000-484999.json
2026-03-21 10:43:02 INFO [train] Processing slice file: dataset/data/mpd.slice.236000-236999.json
2026-03-21 10:43:02 INFO [train] Processing slice file: dataset/data/mpd.slice.530000-530999.json
2026-03-21 10:43:02 INFO [train] Processing slice file: dataset/data/mpd.slice.866000-866999.json
2026-03-21 10:43:03 INFO [train] Processing slice file: dataset/data/mpd.slice.283000-283999.json
2026-03-21 10:43:03 INFO [train] Processing slice file: dataset/data/mpd.slice.585000-585999.json
2026-03-21 10:43:03 INFO [train] Processing slice file: dataset/data/mpd.slice.337000-337999.json
2026-03-21 10:43:04 INFO [train] Processing slice file: dataset/data/mpd.slice.431000-431999.json
2026-03-21 10:43:04 INFO [train] Processing slice file: dataset/data/mpd.slice.967000-967999.json
2026-03-21 10:43:04 INFO [train] Processing slice file: dataset/data/mpd.slice.600000-600999.json
2026-03-21 10:43:04 INFO [train] Processing slice file: dataset/data/mpd.slice.24000-24999.json
2026-03-21 10:43:05 INFO [train] Processing slice file: dataset/data/mpd.slice.106000-106999.json
2026-03-21 10:43:05 INFO [train] Processing slice file: dataset/data/mpd.slice.941000-941999.json
2026-03-21 10:43:05 INFO [train] Processing slice file: dataset/data/mpd.slice.417000-417999.json
2026-03-21 10:43:06 INFO [train] Processing slice file: dataset/data/mpd.slice.311000-311999.json
2026-03-21 10:43:06 INFO [train] Processing slice file: dataset/data/mpd.slice.5000-5999.json
2026-03-21 10:43:06 INFO [train] Processing slice file: dataset/data/mpd.slice.792000-792999.json
2026-03-21 10:43:06 INFO [train] Processing slice file: dataset/data/mpd.slice.120000-120999.json
2026-03-21 10:43:07 INFO [train] Processing slice file: dataset/data/mpd.slice.626000-626999.json
2026-03-21 10:43:07 INFO [train] Processing slice file: dataset/data/mpd.slice.195000-195999.json
2026-03-21 10:43:07 INFO [train] Processing slice file: dataset/data/mpd.slice.14000-14999.json
2026-03-21 10:43:07 INFO [train] Processing slice file: dataset/data/mpd.slice.693000-693999.json
2026-03-21 10:43:08 INFO [train] Processing slice file: dataset/data/mpd.slice.727000-727999.json
2026-03-21 10:43:08 INFO [train] Processing slice file: dataset/data/mpd.slice.840000-840999.json
2026-03-21 10:43:08 INFO [train] Processing slice file: dataset/data/mpd.slice.516000-516999.json
2026-03-21 10:43:09 INFO [train] Processing slice file: dataset/data/mpd.slice.210000-210999.json
2026-03-21 10:43:09 INFO [train] Processing slice file: dataset/data/mpd.slice.30000-30999.json
2026-03-21 10:43:09 INFO [train] Processing slice file: dataset/data/mpd.slice.397000-397999.json
2026-03-21 10:43:09 INFO [train] Processing slice file: dataset/data/mpd.slice.491000-491999.json
2026-03-21 10:43:10 INFO [train] Processing slice file: dataset/data/mpd.slice.179000-179999.json
2026-03-21 10:43:10 INFO [train] Processing slice file: dataset/data/mpd.slice.223000-223999.json
2026-03-21 10:43:10 INFO [train] Processing slice file: dataset/data/mpd.slice.873000-873999.json
2026-03-21 10:43:11 INFO [train] Processing slice file: dataset/data/mpd.slice.525000-525999.json
2026-03-21 10:43:11 INFO [train] Processing slice file: dataset/data/mpd.slice.348000-348999.json
2026-03-21 10:43:11 INFO [train] Processing slice file: dataset/data/mpd.slice.1000-1999.json
2026-03-21 10:43:11 INFO [train] Processing slice file: dataset/data/mpd.slice.918000-918999.json
2026-03-21 10:43:12 INFO [train] Processing slice file: dataset/data/mpd.slice.714000-714999.json
2026-03-21 10:43:12 INFO [train] Processing slice file: dataset/data/mpd.slice.249000-249999.json
2026-03-21 10:43:12 INFO [train] Processing slice file: dataset/data/mpd.slice.819000-819999.json
2026-03-21 10:43:13 INFO [train] Processing slice file: dataset/data/mpd.slice.615000-615999.json
2026-03-21 10:43:13 INFO [train] Processing slice file: dataset/data/mpd.slice.113000-113999.json
2026-03-21 10:43:13 INFO [train] Processing slice file: dataset/data/mpd.slice.296000-296999.json
2026-03-21 10:43:13 INFO [train] Processing slice file: dataset/data/mpd.slice.590000-590999.json
2026-03-21 10:43:14 INFO [train] Processing slice file: dataset/data/mpd.slice.322000-322999.json
2026-03-21 10:43:14 INFO [train] Processing slice file: dataset/data/mpd.slice.972000-972999.json
2026-03-21 10:43:14 INFO [train] Processing slice file: dataset/data/mpd.slice.424000-424999.json
2026-03-21 10:43:14 INFO [train] Processing slice file: dataset/data/mpd.slice.793000-793999.json
2026-03-21 10:43:15 INFO [train] Processing slice file: dataset/data/mpd.slice.78000-78999.json
2026-03-21 10:43:15 INFO [train] Processing slice file: dataset/data/mpd.slice.627000-627999.json
2026-03-21 10:43:15 INFO [train] Processing slice file: dataset/data/mpd.slice.121000-121999.json
2026-03-21 10:43:16 INFO [train] Processing slice file: dataset/data/mpd.slice.310000-310999.json
2026-03-21 10:43:16 INFO [train] Processing slice file: dataset/data/mpd.slice.940000-940999.json
2026-03-21 10:43:16 INFO [train] Processing slice file: dataset/data/mpd.slice.416000-416999.json
2026-03-21 10:43:16 INFO [train] Processing slice file: dataset/data/mpd.slice.211000-211999.json
2026-03-21 10:43:17 INFO [train] Processing slice file: dataset/data/mpd.slice.841000-841999.json
2026-03-21 10:43:17 INFO [train] Processing slice file: dataset/data/mpd.slice.517000-517999.json
2026-03-21 10:43:17 INFO [train] Processing slice file: dataset/data/mpd.slice.692000-692999.json
2026-03-21 10:43:17 INFO [train] Processing slice file: dataset/data/mpd.slice.62000-62999.json
2026-03-21 10:43:18 INFO [train] Processing slice file: dataset/data/mpd.slice.194000-194999.json
2026-03-21 10:43:18 INFO [train] Processing slice file: dataset/data/mpd.slice.726000-726999.json
2026-03-21 10:43:18 INFO [train] Processing slice file: dataset/data/mpd.slice.919000-919999.json
2026-03-21 10:43:19 INFO [train] Processing slice file: dataset/data/mpd.slice.89000-89999.json
2026-03-21 10:43:19 INFO [train] Processing slice file: dataset/data/mpd.slice.349000-349999.json
2026-03-21 10:43:19 INFO [train] Processing slice file: dataset/data/mpd.slice.715000-715999.json
2026-03-21 10:43:19 INFO [train] Processing slice file: dataset/data/mpd.slice.178000-178999.json
2026-03-21 10:43:20 INFO [train] Processing slice file: dataset/data/mpd.slice.490000-490999.json
2026-03-21 10:43:20 INFO [train] Processing slice file: dataset/data/mpd.slice.46000-46999.json
2026-03-21 10:43:20 INFO [train] Processing slice file: dataset/data/mpd.slice.396000-396999.json
2026-03-21 10:43:21 INFO [train] Processing slice file: dataset/data/mpd.slice.872000-872999.json
2026-03-21 10:43:21 INFO [train] Processing slice file: dataset/data/mpd.slice.524000-524999.json
2026-03-21 10:43:21 INFO [train] Processing slice file: dataset/data/mpd.slice.222000-222999.json
2026-03-21 10:43:21 INFO [train] Processing slice file: dataset/data/mpd.slice.591000-591999.json
2026-03-21 10:43:22 INFO [train] Processing slice file: dataset/data/mpd.slice.297000-297999.json
2026-03-21 10:43:22 INFO [train] Processing slice file: dataset/data/mpd.slice.973000-973999.json
2026-03-21 10:43:22 INFO [train] Processing slice file: dataset/data/mpd.slice.425000-425999.json
2026-03-21 10:43:23 INFO [train] Processing slice file: dataset/data/mpd.slice.323000-323999.json
2026-03-21 10:43:23 INFO [train] Processing slice file: dataset/data/mpd.slice.818000-818999.json
2026-03-21 10:43:23 INFO [train] Processing slice file: dataset/data/mpd.slice.93000-93999.json
2026-03-21 10:43:23 INFO [train] Processing slice file: dataset/data/mpd.slice.248000-248999.json
2026-03-21 10:43:24 INFO [train] Processing slice file: dataset/data/mpd.slice.112000-112999.json
2026-03-21 10:43:24 INFO [train] Processing slice file: dataset/data/mpd.slice.614000-614999.json
2026-03-21 10:43:24 INFO [train] Processing slice file: dataset/data/mpd.slice.725000-725999.json
2026-03-21 10:43:25 INFO [train] Processing slice file: dataset/data/mpd.slice.929000-929999.json
2026-03-21 10:43:25 INFO [train] Processing slice file: dataset/data/mpd.slice.197000-197999.json
2026-03-21 10:43:25 INFO [train] Processing slice file: dataset/data/mpd.slice.379000-379999.json
2026-03-21 10:43:25 INFO [train] Processing slice file: dataset/data/mpd.slice.691000-691999.json
2026-03-21 10:43:26 INFO [train] Processing slice file: dataset/data/mpd.slice.514000-514999.json
2026-03-21 10:43:26 INFO [train] Processing slice file: dataset/data/mpd.slice.842000-842999.json
2026-03-21 10:43:26 INFO [train] Processing slice file: dataset/data/mpd.slice.212000-212999.json
2026-03-21 10:43:27 INFO [train] Processing slice file: dataset/data/mpd.slice.43000-43999.json
2026-03-21 10:43:27 INFO [train] Processing slice file: dataset/data/mpd.slice.148000-148999.json
2026-03-21 10:43:27 INFO [train] Processing slice file: dataset/data/mpd.slice.415000-415999.json
2026-03-21 10:43:28 INFO [train] Processing slice file: dataset/data/mpd.slice.943000-943999.json
2026-03-21 10:43:28 INFO [train] Processing slice file: dataset/data/mpd.slice.59000-59999.json
2026-03-21 10:43:28 INFO [train] Processing slice file: dataset/data/mpd.slice.313000-313999.json
2026-03-21 10:43:28 INFO [train] Processing slice file: dataset/data/mpd.slice.96000-96999.json
2026-03-21 10:43:29 INFO [train] Processing slice file: dataset/data/mpd.slice.122000-122999.json
2026-03-21 10:43:29 INFO [train] Processing slice file: dataset/data/mpd.slice.624000-624999.json
2026-03-21 10:43:29 INFO [train] Processing slice file: dataset/data/mpd.slice.828000-828999.json
2026-03-21 10:43:30 INFO [train] Processing slice file: dataset/data/mpd.slice.278000-278999.json
2026-03-21 10:43:30 INFO [train] Processing slice file: dataset/data/mpd.slice.790000-790999.json
2026-03-21 10:43:30 INFO [train] Processing slice file: dataset/data/mpd.slice.617000-617999.json
2026-03-21 10:43:30 INFO [train] Processing slice file: dataset/data/mpd.slice.111000-111999.json
2026-03-21 10:43:31 INFO [train] Processing slice file: dataset/data/mpd.slice.320000-320999.json
2026-03-21 10:43:31 INFO [train] Processing slice file: dataset/data/mpd.slice.426000-426999.json
2026-03-21 10:43:31 INFO [train] Processing slice file: dataset/data/mpd.slice.970000-970999.json
2026-03-21 10:43:32 INFO [train] Processing slice file: dataset/data/mpd.slice.294000-294999.json
2026-03-21 10:43:32 INFO [train] Processing slice file: dataset/data/mpd.slice.592000-592999.json
2026-03-21 10:43:32 INFO [train] Processing slice file: dataset/data/mpd.slice.221000-221999.json
2026-03-21 10:43:32 INFO [train] Processing slice file: dataset/data/mpd.slice.527000-527999.json
2026-03-21 10:43:33 INFO [train] Processing slice file: dataset/data/mpd.slice.871000-871999.json
2026-03-21 10:43:33 INFO [train] Processing slice file: dataset/data/mpd.slice.395000-395999.json
2026-03-21 10:43:33 INFO [train] Processing slice file: dataset/data/mpd.slice.493000-493999.json
2026-03-21 10:43:34 INFO [train] Processing slice file: dataset/data/mpd.slice.716000-716999.json
2026-03-21 10:43:34 INFO [train] Processing slice file: dataset/data/mpd.slice.67000-67999.json
2026-03-21 10:43:34 INFO [train] Processing slice file: dataset/data/mpd.slice.213000-213999.json
2026-03-21 10:43:34 INFO [train] Processing slice file: dataset/data/mpd.slice.35000-35999.json
2026-03-21 10:43:35 INFO [train] Processing slice file: dataset/data/mpd.slice.515000-515999.json
2026-03-21 10:43:35 INFO [train] Processing slice file: dataset/data/mpd.slice.843000-843999.json
2026-03-21 10:43:35 INFO [train] Processing slice file: dataset/data/mpd.slice.149000-149999.json
2026-03-21 10:43:36 INFO [train] Processing slice file: dataset/data/mpd.slice.724000-724999.json
2026-03-21 10:43:36 INFO [train] Processing slice file: dataset/data/mpd.slice.4000-4999.json
2026-03-21 10:43:36 INFO [train] Processing slice file: dataset/data/mpd.slice.690000-690999.json
2026-03-21 10:43:37 INFO [train] Processing slice file: dataset/data/mpd.slice.378000-378999.json
2026-03-21 10:43:37 INFO [train] Processing slice file: dataset/data/mpd.slice.196000-196999.json
2026-03-21 10:43:37 INFO [train] Processing slice file: dataset/data/mpd.slice.928000-928999.json
2026-03-21 10:43:37 INFO [train] Processing slice file: dataset/data/mpd.slice.625000-625999.json
2026-03-21 10:43:38 INFO [train] Processing slice file: dataset/data/mpd.slice.123000-123999.json
2026-03-21 10:43:38 INFO [train] Processing slice file: dataset/data/mpd.slice.791000-791999.json
2026-03-21 10:43:38 INFO [train] Processing slice file: dataset/data/mpd.slice.279000-279999.json
2026-03-21 10:43:39 INFO [train] Processing slice file: dataset/data/mpd.slice.829000-829999.json
2026-03-21 10:43:39 INFO [train] Processing slice file: dataset/data/mpd.slice.312000-312999.json
2026-03-21 10:43:39 INFO [train] Processing slice file: dataset/data/mpd.slice.414000-414999.json
2026-03-21 10:43:39 INFO [train] Processing slice file: dataset/data/mpd.slice.942000-942999.json
2026-03-21 10:43:40 INFO [train] Processing slice file: dataset/data/mpd.slice.427000-427999.json
2026-03-21 10:43:40 INFO [train] Processing slice file: dataset/data/mpd.slice.971000-971999.json
2026-03-21 10:43:40 INFO [train] Processing slice file: dataset/data/mpd.slice.321000-321999.json
2026-03-21 10:43:41 INFO [train] Processing slice file: dataset/data/mpd.slice.593000-593999.json
2026-03-21 10:43:41 INFO [train] Processing slice file: dataset/data/mpd.slice.295000-295999.json
2026-03-21 10:43:41 INFO [train] Processing slice file: dataset/data/mpd.slice.110000-110999.json
2026-03-21 10:43:41 INFO [train] Processing slice file: dataset/data/mpd.slice.616000-616999.json
2026-03-21 10:43:42 INFO [train] Processing slice file: dataset/data/mpd.slice.11000-11999.json
2026-03-21 10:43:42 INFO [train] Processing slice file: dataset/data/mpd.slice.717000-717999.json
2026-03-21 10:43:42 INFO [train] Processing slice file: dataset/data/mpd.slice.526000-526999.json
2026-03-21 10:43:43 INFO [train] Processing slice file: dataset/data/mpd.slice.870000-870999.json
2026-03-21 10:43:43 INFO [train] Processing slice file: dataset/data/mpd.slice.220000-220999.json
2026-03-21 10:43:43 INFO [train] Processing slice file: dataset/data/mpd.slice.492000-492999.json
2026-03-21 10:43:43 INFO [train] Processing slice file: dataset/data/mpd.slice.394000-394999.json
2026-03-21 10:43:44 INFO [train] Processing slice file: dataset/data/mpd.slice.744000-744999.json
2026-03-21 10:43:44 INFO [train] Processing slice file: dataset/data/mpd.slice.318000-318999.json
2026-03-21 10:43:44 INFO [train] Processing slice file: dataset/data/mpd.slice.948000-948999.json
2026-03-21 10:43:44 INFO [train] Processing slice file: dataset/data/mpd.slice.273000-273999.json
2026-03-21 10:43:45 INFO [train] Processing slice file: dataset/data/mpd.slice.823000-823999.json
2026-03-21 10:43:45 INFO [train] Processing slice file: dataset/data/mpd.slice.575000-575999.json
2026-03-21 10:43:45 INFO [train] Processing slice file: dataset/data/mpd.slice.129000-129999.json
2026-03-21 10:43:46 INFO [train] Processing slice file: dataset/data/mpd.slice.997000-997999.json
2026-03-21 10:43:46 INFO [train] Processing slice file: dataset/data/mpd.slice.372000-372999.json
2026-03-21 10:43:46 INFO [train] Processing slice file: dataset/data/mpd.slice.922000-922999.json
2026-03-21 10:43:46 INFO [train] Processing slice file: dataset/data/mpd.slice.474000-474999.json
2026-03-21 10:43:47 INFO [train] Processing slice file: dataset/data/mpd.slice.896000-896999.json
2026-03-21 10:43:47 INFO [train] Processing slice file: dataset/data/mpd.slice.645000-645999.json
2026-03-21 10:43:47 INFO [train] Processing slice file: dataset/data/mpd.slice.143000-143999.json
2026-03-21 10:43:48 INFO [train] Processing slice file: dataset/data/mpd.slice.219000-219999.json
2026-03-21 10:43:48 INFO [train] Processing slice file: dataset/data/mpd.slice.25000-25999.json
2026-03-21 10:43:48 INFO [train] Processing slice file: dataset/data/mpd.slice.849000-849999.json
2026-03-21 10:43:49 INFO [train] Processing slice file: dataset/data/mpd.slice.170000-170999.json
2026-03-21 10:43:49 INFO [train] Processing slice file: dataset/data/mpd.slice.498000-498999.json
2026-03-21 10:43:49 INFO [train] Processing slice file: dataset/data/mpd.slice.676000-676999.json
2026-03-21 10:43:49 INFO [train] Processing slice file: dataset/data/mpd.slice.911000-911999.json
2026-03-21 10:43:50 INFO [train] Processing slice file: dataset/data/mpd.slice.447000-447999.json
2026-03-21 10:43:50 INFO [train] Processing slice file: dataset/data/mpd.slice.341000-341999.json
2026-03-21 10:43:50 INFO [train] Processing slice file: dataset/data/mpd.slice.810000-810999.json
2026-03-21 10:43:51 INFO [train] Processing slice file: dataset/data/mpd.slice.546000-546999.json
2026-03-21 10:43:51 INFO [train] Processing slice file: dataset/data/mpd.slice.240000-240999.json
2026-03-21 10:43:51 INFO [train] Processing slice file: dataset/data/mpd.slice.599000-599999.json
2026-03-21 10:43:51 INFO [train] Processing slice file: dataset/data/mpd.slice.777000-777999.json
2026-03-21 10:43:52 INFO [train] Processing slice file: dataset/data/mpd.slice.822000-822999.json
2026-03-21 10:43:52 INFO [train] Processing slice file: dataset/data/mpd.slice.574000-574999.json
2026-03-21 10:43:52 INFO [train] Processing slice file: dataset/data/mpd.slice.272000-272999.json
2026-03-21 10:43:53 INFO [train] Processing slice file: dataset/data/mpd.slice.996000-996999.json
2026-03-21 10:43:53 INFO [train] Processing slice file: dataset/data/mpd.slice.128000-128999.json
2026-03-21 10:43:53 INFO [train] Processing slice file: dataset/data/mpd.slice.86000-86999.json
2026-03-21 10:43:53 INFO [train] Processing slice file: dataset/data/mpd.slice.745000-745999.json
2026-03-21 10:43:54 INFO [train] Processing slice file: dataset/data/mpd.slice.949000-949999.json
2026-03-21 10:43:54 INFO [train] Processing slice file: dataset/data/mpd.slice.319000-319999.json
2026-03-21 10:43:54 INFO [train] Processing slice file: dataset/data/mpd.slice.49000-49999.json
2026-03-21 10:43:55 INFO [train] Processing slice file: dataset/data/mpd.slice.142000-142999.json
2026-03-21 10:43:55 INFO [train] Processing slice file: dataset/data/mpd.slice.644000-644999.json
2026-03-21 10:43:55 INFO [train] Processing slice file: dataset/data/mpd.slice.53000-53999.json
2026-03-21 10:43:55 INFO [train] Processing slice file: dataset/data/mpd.slice.848000-848999.json
2026-03-21 10:43:56 INFO [train] Processing slice file: dataset/data/mpd.slice.218000-218999.json
2026-03-21 10:43:56 INFO [train] Processing slice file: dataset/data/mpd.slice.923000-923999.json
2026-03-21 10:43:56 INFO [train] Processing slice file: dataset/data/mpd.slice.475000-475999.json
2026-03-21 10:43:56 INFO [train] Processing slice file: dataset/data/mpd.slice.373000-373999.json
2026-03-21 10:43:57 INFO [train] Processing slice file: dataset/data/mpd.slice.897000-897999.json
2026-03-21 10:43:57 INFO [train] Processing slice file: dataset/data/mpd.slice.340000-340999.json
2026-03-21 10:43:57 INFO [train] Processing slice file: dataset/data/mpd.slice.910000-910999.json
2026-03-21 10:43:58 INFO [train] Processing slice file: dataset/data/mpd.slice.446000-446999.json
2026-03-21 10:43:58 INFO [train] Processing slice file: dataset/data/mpd.slice.77000-77999.json
2026-03-21 10:43:58 INFO [train] Processing slice file: dataset/data/mpd.slice.677000-677999.json
2026-03-21 10:43:58 INFO [train] Processing slice file: dataset/data/mpd.slice.499000-499999.json
2026-03-21 10:43:59 INFO [train] Processing slice file: dataset/data/mpd.slice.171000-171999.json
2026-03-21 10:43:59 INFO [train] Processing slice file: dataset/data/mpd.slice.776000-776999.json
2026-03-21 10:43:59 INFO [train] Processing slice file: dataset/data/mpd.slice.598000-598999.json
2026-03-21 10:43:59 INFO [train] Processing slice file: dataset/data/mpd.slice.241000-241999.json
2026-03-21 10:44:00 INFO [train] Processing slice file: dataset/data/mpd.slice.811000-811999.json
2026-03-21 10:44:00 INFO [train] Processing slice file: dataset/data/mpd.slice.547000-547999.json
2026-03-21 10:44:00 INFO [train] Processing slice file: dataset/data/mpd.slice.894000-894999.json
2026-03-21 10:44:01 INFO [train] Processing slice file: dataset/data/mpd.slice.698000-698999.json
2026-03-21 10:44:01 INFO [train] Processing slice file: dataset/data/mpd.slice.370000-370999.json
2026-03-21 10:44:01 INFO [train] Processing slice file: dataset/data/mpd.slice.476000-476999.json
2026-03-21 10:44:01 INFO [train] Processing slice file: dataset/data/mpd.slice.920000-920999.json
2026-03-21 10:44:02 INFO [train] Processing slice file: dataset/data/mpd.slice.72000-72999.json
2026-03-21 10:44:02 INFO [train] Processing slice file: dataset/data/mpd.slice.647000-647999.json
2026-03-21 10:44:02 INFO [train] Processing slice file: dataset/data/mpd.slice.141000-141999.json
2026-03-21 10:44:03 INFO [train] Processing slice file: dataset/data/mpd.slice.746000-746999.json
2026-03-21 10:44:03 INFO [train] Processing slice file: dataset/data/mpd.slice.995000-995999.json
2026-03-21 10:44:03 INFO [train] Processing slice file: dataset/data/mpd.slice.799000-799999.json
2026-03-21 10:44:03 INFO [train] Processing slice file: dataset/data/mpd.slice.271000-271999.json
2026-03-21 10:44:04 INFO [train] Processing slice file: dataset/data/mpd.slice.68000-68999.json
2026-03-21 10:44:04 INFO [train] Processing slice file: dataset/data/mpd.slice.577000-577999.json
2026-03-21 10:44:04 INFO [train] Processing slice file: dataset/data/mpd.slice.821000-821999.json
2026-03-21 10:44:04 INFO [train] Processing slice file: dataset/data/mpd.slice.118000-118999.json
2026-03-21 10:44:05 INFO [train] Processing slice file: dataset/data/mpd.slice.83000-83999.json
2026-03-21 10:44:05 INFO [train] Processing slice file: dataset/data/mpd.slice.544000-544999.json
2026-03-21 10:44:05 INFO [train] Processing slice file: dataset/data/mpd.slice.812000-812999.json
2026-03-21 10:44:06 INFO [train] Processing slice file: dataset/data/mpd.slice.242000-242999.json
2026-03-21 10:44:06 INFO [train] Processing slice file: dataset/data/mpd.slice.979000-979999.json
2026-03-21 10:44:06 INFO [train] Processing slice file: dataset/data/mpd.slice.329000-329999.json
2026-03-21 10:44:06 INFO [train] Processing slice file: dataset/data/mpd.slice.775000-775999.json
2026-03-21 10:44:07 INFO [train] Processing slice file: dataset/data/mpd.slice.878000-878999.json
2026-03-21 10:44:07 INFO [train] Processing slice file: dataset/data/mpd.slice.228000-228999.json
2026-03-21 10:44:07 INFO [train] Processing slice file: dataset/data/mpd.slice.172000-172999.json
2026-03-21 10:44:08 INFO [train] Processing slice file: dataset/data/mpd.slice.56000-56999.json
2026-03-21 10:44:08 INFO [train] Processing slice file: dataset/data/mpd.slice.674000-674999.json
2026-03-21 10:44:08 INFO [train] Processing slice file: dataset/data/mpd.slice.445000-445999.json
2026-03-21 10:44:08 INFO [train] Processing slice file: dataset/data/mpd.slice.913000-913999.json
2026-03-21 10:44:09 INFO [train] Processing slice file: dataset/data/mpd.slice.99000-99999.json
2026-03-21 10:44:09 INFO [train] Processing slice file: dataset/data/mpd.slice.343000-343999.json
2026-03-21 10:44:09 INFO [train] Processing slice file: dataset/data/mpd.slice.140000-140999.json
2026-03-21 10:44:09 INFO [train] Processing slice file: dataset/data/mpd.slice.646000-646999.json
2026-03-21 10:44:10 INFO [train] Processing slice file: dataset/data/mpd.slice.895000-895999.json
2026-03-21 10:44:10 INFO [train] Processing slice file: dataset/data/mpd.slice.477000-477999.json
2026-03-21 10:44:10 INFO [train] Processing slice file: dataset/data/mpd.slice.921000-921999.json
2026-03-21 10:44:11 INFO [train] Processing slice file: dataset/data/mpd.slice.371000-371999.json
2026-03-21 10:44:11 INFO [train] Processing slice file: dataset/data/mpd.slice.699000-699999.json
2026-03-21 10:44:11 INFO [train] Processing slice file: dataset/data/mpd.slice.994000-994999.json
2026-03-21 10:44:11 INFO [train] Processing slice file: dataset/data/mpd.slice.576000-576999.json
2026-03-21 10:44:12 INFO [train] Processing slice file: dataset/data/mpd.slice.820000-820999.json
2026-03-21 10:44:12 INFO [train] Processing slice file: dataset/data/mpd.slice.270000-270999.json
2026-03-21 10:44:12 INFO [train] Processing slice file: dataset/data/mpd.slice.798000-798999.json
2026-03-21 10:44:12 INFO [train] Processing slice file: dataset/data/mpd.slice.747000-747999.json
2026-03-21 10:44:13 INFO [train] Processing slice file: dataset/data/mpd.slice.328000-328999.json
2026-03-21 10:44:13 INFO [train] Processing slice file: dataset/data/mpd.slice.978000-978999.json
2026-03-21 10:44:13 INFO [train] Processing slice file: dataset/data/mpd.slice.774000-774999.json
2026-03-21 10:44:14 INFO [train] Processing slice file: dataset/data/mpd.slice.119000-119999.json
2026-03-21 10:44:14 INFO [train] Processing slice file: dataset/data/mpd.slice.243000-243999.json
2026-03-21 10:44:14 INFO [train] Processing slice file: dataset/data/mpd.slice.545000-545999.json
2026-03-21 10:44:14 INFO [train] Processing slice file: dataset/data/mpd.slice.813000-813999.json
2026-03-21 10:44:15 INFO [train] Processing slice file: dataset/data/mpd.slice.342000-342999.json
2026-03-21 10:44:15 INFO [train] Processing slice file: dataset/data/mpd.slice.444000-444999.json
2026-03-21 10:44:15 INFO [train] Processing slice file: dataset/data/mpd.slice.912000-912999.json
2026-03-21 10:44:16 INFO [train] Processing slice file: dataset/data/mpd.slice.229000-229999.json
2026-03-21 10:44:16 INFO [train] Processing slice file: dataset/data/mpd.slice.879000-879999.json
2026-03-21 10:44:16 INFO [train] Processing slice file: dataset/data/mpd.slice.675000-675999.json
2026-03-21 10:44:16 INFO [train] Processing slice file: dataset/data/mpd.slice.173000-173999.json
2026-03-21 10:44:17 INFO [train] Processing slice file: dataset/data/mpd.slice.20000-20999.json
2026-03-21 10:44:17 INFO [train] Processing slice file: dataset/data/mpd.slice.666000-666999.json
2026-03-21 10:44:17 INFO [train] Processing slice file: dataset/data/mpd.slice.160000-160999.json
2026-03-21 10:44:18 INFO [train] Processing slice file: dataset/data/mpd.slice.488000-488999.json
2026-03-21 10:44:18 INFO [train] Processing slice file: dataset/data/mpd.slice.351000-351999.json
2026-03-21 10:44:18 INFO [train] Processing slice file: dataset/data/mpd.slice.457000-457999.json
2026-03-21 10:44:18 INFO [train] Processing slice file: dataset/data/mpd.slice.901000-901999.json
2026-03-21 10:44:19 INFO [train] Processing slice file: dataset/data/mpd.slice.18000-18999.json
2026-03-21 10:44:19 INFO [train] Processing slice file: dataset/data/mpd.slice.250000-250999.json
2026-03-21 10:44:19 INFO [train] Processing slice file: dataset/data/mpd.slice.556000-556999.json
2026-03-21 10:44:19 INFO [train] Processing slice file: dataset/data/mpd.slice.800000-800999.json
2026-03-21 10:44:20 INFO [train] Processing slice file: dataset/data/mpd.slice.767000-767999.json
2026-03-21 10:44:20 INFO [train] Processing slice file: dataset/data/mpd.slice.589000-589999.json
2026-03-21 10:44:20 INFO [train] Processing slice file: dataset/data/mpd.slice.958000-958999.json
2026-03-21 10:44:21 INFO [train] Processing slice file: dataset/data/mpd.slice.308000-308999.json
2026-03-21 10:44:21 INFO [train] Processing slice file: dataset/data/mpd.slice.754000-754999.json
2026-03-21 10:44:21 INFO [train] Processing slice file: dataset/data/mpd.slice.139000-139999.json
2026-03-21 10:44:21 INFO [train] Processing slice file: dataset/data/mpd.slice.987000-987999.json
2026-03-21 10:44:22 INFO [train] Processing slice file: dataset/data/mpd.slice.565000-565999.json
2026-03-21 10:44:22 INFO [train] Processing slice file: dataset/data/mpd.slice.833000-833999.json
2026-03-21 10:44:22 INFO [train] Processing slice file: dataset/data/mpd.slice.263000-263999.json
2026-03-21 10:44:22 INFO [train] Processing slice file: dataset/data/mpd.slice.886000-886999.json
2026-03-21 10:44:23 INFO [train] Processing slice file: dataset/data/mpd.slice.464000-464999.json
2026-03-21 10:44:23 INFO [train] Processing slice file: dataset/data/mpd.slice.932000-932999.json
2026-03-21 10:44:23 INFO [train] Processing slice file: dataset/data/mpd.slice.362000-362999.json
2026-03-21 10:44:24 INFO [train] Processing slice file: dataset/data/mpd.slice.26000-26999.json
2026-03-21 10:44:24 INFO [train] Processing slice file: dataset/data/mpd.slice.859000-859999.json
2026-03-21 10:44:24 INFO [train] Processing slice file: dataset/data/mpd.slice.209000-209999.json
2026-03-21 10:44:24 INFO [train] Processing slice file: dataset/data/mpd.slice.153000-153999.json
2026-03-21 10:44:25 INFO [train] Processing slice file: dataset/data/mpd.slice.655000-655999.json
2026-03-21 10:44:25 INFO [train] Processing slice file: dataset/data/mpd.slice.74000-74999.json
2026-03-21 10:44:25 INFO [train] Processing slice file: dataset/data/mpd.slice.456000-456999.json
2026-03-21 10:44:26 INFO [train] Processing slice file: dataset/data/mpd.slice.900000-900999.json
2026-03-21 10:44:26 INFO [train] Processing slice file: dataset/data/mpd.slice.350000-350999.json
2026-03-21 10:44:26 INFO [train] Processing slice file: dataset/data/mpd.slice.489000-489999.json
2026-03-21 10:44:26 INFO [train] Processing slice file: dataset/data/mpd.slice.161000-161999.json
2026-03-21 10:44:27 INFO [train] Processing slice file: dataset/data/mpd.slice.667000-667999.json
2026-03-21 10:44:27 INFO [train] Processing slice file: dataset/data/mpd.slice.588000-588999.json
2026-03-21 10:44:27 INFO [train] Processing slice file: dataset/data/mpd.slice.766000-766999.json
2026-03-21 10:44:27 INFO [train] Processing slice file: dataset/data/mpd.slice.557000-557999.json
2026-03-21 10:44:28 INFO [train] Processing slice file: dataset/data/mpd.slice.801000-801999.json
2026-03-21 10:44:28 INFO [train] Processing slice file: dataset/data/mpd.slice.251000-251999.json
2026-03-21 10:44:28 INFO [train] Processing slice file: dataset/data/mpd.slice.85000-85999.json
2026-03-21 10:44:29 INFO [train] Processing slice file: dataset/data/mpd.slice.986000-986999.json
2026-03-21 10:44:29 INFO [train] Processing slice file: dataset/data/mpd.slice.138000-138999.json
2026-03-21 10:44:29 INFO [train] Processing slice file: dataset/data/mpd.slice.262000-262999.json
2026-03-21 10:44:29 INFO [train] Processing slice file: dataset/data/mpd.slice.564000-564999.json
2026-03-21 10:44:30 INFO [train] Processing slice file: dataset/data/mpd.slice.832000-832999.json
2026-03-21 10:44:30 INFO [train] Processing slice file: dataset/data/mpd.slice.309000-309999.json
2026-03-21 10:44:30 INFO [train] Processing slice file: dataset/data/mpd.slice.959000-959999.json
2026-03-21 10:44:30 INFO [train] Processing slice file: dataset/data/mpd.slice.755000-755999.json
2026-03-21 10:44:31 INFO [train] Processing slice file: dataset/data/mpd.slice.208000-208999.json
2026-03-21 10:44:31 INFO [train] Processing slice file: dataset/data/mpd.slice.50000-50999.json
2026-03-21 10:44:31 INFO [train] Processing slice file: dataset/data/mpd.slice.858000-858999.json
2026-03-21 10:44:32 INFO [train] Processing slice file: dataset/data/mpd.slice.654000-654999.json
2026-03-21 10:44:32 INFO [train] Processing slice file: dataset/data/mpd.slice.152000-152999.json
2026-03-21 10:44:32 INFO [train] Processing slice file: dataset/data/mpd.slice.887000-887999.json
2026-03-21 10:44:32 INFO [train] Processing slice file: dataset/data/mpd.slice.363000-363999.json
2026-03-21 10:44:33 INFO [train] Processing slice file: dataset/data/mpd.slice.465000-465999.json
2026-03-21 10:44:33 INFO [train] Processing slice file: dataset/data/mpd.slice.933000-933999.json
2026-03-21 10:44:33 INFO [train] Processing slice file: dataset/data/mpd.slice.80000-80999.json
2026-03-21 10:44:33 INFO [train] Processing slice file: dataset/data/mpd.slice.252000-252999.json
2026-03-21 10:44:34 INFO [train] Processing slice file: dataset/data/mpd.slice.802000-802999.json
2026-03-21 10:44:34 INFO [train] Processing slice file: dataset/data/mpd.slice.554000-554999.json
2026-03-21 10:44:34 INFO [train] Processing slice file: dataset/data/mpd.slice.108000-108999.json
2026-03-21 10:44:35 INFO [train] Processing slice file: dataset/data/mpd.slice.765000-765999.json
2026-03-21 10:44:35 INFO [train] Processing slice file: dataset/data/mpd.slice.339000-339999.json
2026-03-21 10:44:35 INFO [train] Processing slice file: dataset/data/mpd.slice.969000-969999.json
2026-03-21 10:44:35 INFO [train] Processing slice file: dataset/data/mpd.slice.664000-664999.json
2026-03-21 10:44:36 INFO [train] Processing slice file: dataset/data/mpd.slice.162000-162999.json
2026-03-21 10:44:36 INFO [train] Processing slice file: dataset/data/mpd.slice.55000-55999.json
2026-03-21 10:44:36 INFO [train] Processing slice file: dataset/data/mpd.slice.238000-238999.json
2026-03-21 10:44:37 INFO [train] Processing slice file: dataset/data/mpd.slice.868000-868999.json
2026-03-21 10:44:37 INFO [train] Processing slice file: dataset/data/mpd.slice.353000-353999.json
2026-03-21 10:44:37 INFO [train] Processing slice file: dataset/data/mpd.slice.903000-903999.json
2026-03-21 10:44:37 INFO [train] Processing slice file: dataset/data/mpd.slice.455000-455999.json
2026-03-21 10:44:38 INFO [train] Processing slice file: dataset/data/mpd.slice.930000-930999.json
2026-03-21 10:44:38 INFO [train] Processing slice file: dataset/data/mpd.slice.466000-466999.json
2026-03-21 10:44:38 INFO [train] Processing slice file: dataset/data/mpd.slice.688000-688999.json
2026-03-21 10:44:38 INFO [train] Processing slice file: dataset/data/mpd.slice.360000-360999.json
2026-03-21 10:44:39 INFO [train] Processing slice file: dataset/data/mpd.slice.71000-71999.json
2026-03-21 10:44:39 INFO [train] Processing slice file: dataset/data/mpd.slice.884000-884999.json
2026-03-21 10:44:39 INFO [train] Processing slice file: dataset/data/mpd.slice.151000-151999.json
2026-03-21 10:44:40 INFO [train] Processing slice file: dataset/data/mpd.slice.657000-657999.json
2026-03-21 10:44:40 INFO [train] Processing slice file: dataset/data/mpd.slice.756000-756999.json
2026-03-21 10:44:40 INFO [train] Processing slice file: dataset/data/mpd.slice.831000-831999.json
2026-03-21 10:44:40 INFO [train] Processing slice file: dataset/data/mpd.slice.567000-567999.json
2026-03-21 10:44:41 INFO [train] Processing slice file: dataset/data/mpd.slice.789000-789999.json
2026-03-21 10:44:41 INFO [train] Processing slice file: dataset/data/mpd.slice.261000-261999.json
2026-03-21 10:44:41 INFO [train] Processing slice file: dataset/data/mpd.slice.985000-985999.json
2026-03-21 10:44:41 INFO [train] Processing slice file: dataset/data/mpd.slice.39000-39999.json
2026-03-21 10:44:42 INFO [train] Processing slice file: dataset/data/mpd.slice.764000-764999.json
2026-03-21 10:44:42 INFO [train] Processing slice file: dataset/data/mpd.slice.968000-968999.json
2026-03-21 10:44:42 INFO [train] Processing slice file: dataset/data/mpd.slice.338000-338999.json
2026-03-21 10:44:43 INFO [train] Processing slice file: dataset/data/mpd.slice.803000-803999.json
2026-03-21 10:44:43 INFO [train] Processing slice file: dataset/data/mpd.slice.555000-555999.json
2026-03-21 10:44:43 INFO [train] Processing slice file: dataset/data/mpd.slice.253000-253999.json
2026-03-21 10:44:43 INFO [train] Processing slice file: dataset/data/mpd.slice.109000-109999.json
2026-03-21 10:44:44 INFO [train] Processing slice file: dataset/data/mpd.slice.902000-902999.json
2026-03-21 10:44:44 INFO [train] Processing slice file: dataset/data/mpd.slice.454000-454999.json
2026-03-21 10:44:44 INFO [train] Processing slice file: dataset/data/mpd.slice.352000-352999.json
2026-03-21 10:44:45 INFO [train] Processing slice file: dataset/data/mpd.slice.163000-163999.json
2026-03-21 10:44:45 INFO [train] Processing slice file: dataset/data/mpd.slice.23000-23999.json
2026-03-21 10:44:45 INFO [train] Processing slice file: dataset/data/mpd.slice.665000-665999.json
2026-03-21 10:44:45 INFO [train] Processing slice file: dataset/data/mpd.slice.869000-869999.json
2026-03-21 10:44:46 INFO [train] Processing slice file: dataset/data/mpd.slice.239000-239999.json
2026-03-21 10:44:46 INFO [train] Processing slice file: dataset/data/mpd.slice.656000-656999.json
2026-03-21 10:44:46 INFO [train] Processing slice file: dataset/data/mpd.slice.150000-150999.json
2026-03-21 10:44:46 INFO [train] Processing slice file: dataset/data/mpd.slice.361000-361999.json
2026-03-21 10:44:47 INFO [train] Processing slice file: dataset/data/mpd.slice.689000-689999.json
2026-03-21 10:44:47 INFO [train] Processing slice file: dataset/data/mpd.slice.931000-931999.json
2026-03-21 10:44:47 INFO [train] Processing slice file: dataset/data/mpd.slice.467000-467999.json
2026-03-21 10:44:48 INFO [train] Processing slice file: dataset/data/mpd.slice.885000-885999.json
2026-03-21 10:44:48 INFO [train] Processing slice file: dataset/data/mpd.slice.260000-260999.json
2026-03-21 10:44:48 INFO [train] Processing slice file: dataset/data/mpd.slice.788000-788999.json
2026-03-21 10:44:48 INFO [train] Processing slice file: dataset/data/mpd.slice.830000-830999.json
2026-03-21 10:44:49 INFO [train] Processing slice file: dataset/data/mpd.slice.566000-566999.json
2026-03-21 10:44:49 INFO [train] Processing slice file: dataset/data/mpd.slice.984000-984999.json
2026-03-21 10:44:49 INFO [train] Processing slice file: dataset/data/mpd.slice.757000-757999.json
2026-03-21 10:44:50 INFO [train] Processing slice file: dataset/data/mpd.slice.535000-535999.json
2026-03-21 10:44:50 INFO [train] Processing slice file: dataset/data/mpd.slice.863000-863999.json
2026-03-21 10:44:50 INFO [train] Processing slice file: dataset/data/mpd.slice.233000-233999.json
2026-03-21 10:44:50 INFO [train] Processing slice file: dataset/data/mpd.slice.481000-481999.json
2026-03-21 10:44:51 INFO [train] Processing slice file: dataset/data/mpd.slice.169000-169999.json
2026-03-21 10:44:51 INFO [train] Processing slice file: dataset/data/mpd.slice.33000-33999.json
2026-03-21 10:44:51 INFO [train] Processing slice file: dataset/data/mpd.slice.387000-387999.json
2026-03-21 10:44:51 INFO [train] Processing slice file: dataset/data/mpd.slice.704000-704999.json
2026-03-21 10:44:52 INFO [train] Processing slice file: dataset/data/mpd.slice.908000-908999.json
2026-03-21 10:44:52 INFO [train] Processing slice file: dataset/data/mpd.slice.358000-358999.json
2026-03-21 10:44:52 INFO [train] Processing slice file: dataset/data/mpd.slice.103000-103999.json
2026-03-21 10:44:53 INFO [train] Processing slice file: dataset/data/mpd.slice.605000-605999.json
2026-03-21 10:44:53 INFO [train] Processing slice file: dataset/data/mpd.slice.809000-809999.json
2026-03-21 10:44:53 INFO [train] Processing slice file: dataset/data/mpd.slice.259000-259999.json
2026-03-21 10:44:53 INFO [train] Processing slice file: dataset/data/mpd.slice.434000-434999.json
2026-03-21 10:44:54 INFO [train] Processing slice file: dataset/data/mpd.slice.962000-962999.json
2026-03-21 10:44:54 INFO [train] Processing slice file: dataset/data/mpd.slice.332000-332999.json
2026-03-21 10:44:54 INFO [train] Processing slice file: dataset/data/mpd.slice.580000-580999.json
2026-03-21 10:44:54 INFO [train] Processing slice file: dataset/data/mpd.slice.29000-29999.json
2026-03-21 10:44:55 INFO [train] Processing slice file: dataset/data/mpd.slice.286000-286999.json
2026-03-21 10:44:55 INFO [train] Processing slice file: dataset/data/mpd.slice.301000-301999.json
2026-03-21 10:44:55 INFO [train] Processing slice file: dataset/data/mpd.slice.407000-407999.json
2026-03-21 10:44:56 INFO [train] Processing slice file: dataset/data/mpd.slice.951000-951999.json
2026-03-21 10:44:56 INFO [train] Processing slice file: dataset/data/mpd.slice.636000-636999.json
2026-03-21 10:44:56 INFO [train] Processing slice file: dataset/data/mpd.slice.130000-130999.json
2026-03-21 10:44:56 INFO [train] Processing slice file: dataset/data/mpd.slice.782000-782999.json
2026-03-21 10:44:57 INFO [train] Processing slice file: dataset/data/mpd.slice.737000-737999.json
2026-03-21 10:44:57 INFO [train] Processing slice file: dataset/data/mpd.slice.683000-683999.json
2026-03-21 10:44:57 INFO [train] Processing slice file: dataset/data/mpd.slice.17000-17999.json
2026-03-21 10:44:57 INFO [train] Processing slice file: dataset/data/mpd.slice.185000-185999.json
2026-03-21 10:44:58 INFO [train] Processing slice file: dataset/data/mpd.slice.200000-200999.json
2026-03-21 10:44:58 INFO [train] Processing slice file: dataset/data/mpd.slice.506000-506999.json
2026-03-21 10:44:58 INFO [train] Processing slice file: dataset/data/mpd.slice.850000-850999.json
2026-03-21 10:44:59 INFO [train] Processing slice file: dataset/data/mpd.slice.705000-705999.json
2026-03-21 10:44:59 INFO [train] Processing slice file: dataset/data/mpd.slice.359000-359999.json
2026-03-21 10:44:59 INFO [train] Processing slice file: dataset/data/mpd.slice.909000-909999.json
2026-03-21 10:44:59 INFO [train] Processing slice file: dataset/data/mpd.slice.232000-232999.json
2026-03-21 10:45:00 INFO [train] Processing slice file: dataset/data/mpd.slice.534000-534999.json
2026-03-21 10:45:00 INFO [train] Processing slice file: dataset/data/mpd.slice.862000-862999.json
2026-03-21 10:45:00 INFO [train] Processing slice file: dataset/data/mpd.slice.386000-386999.json
2026-03-21 10:45:01 INFO [train] Processing slice file: dataset/data/mpd.slice.45000-45999.json
2026-03-21 10:45:01 INFO [train] Processing slice file: dataset/data/mpd.slice.168000-168999.json
2026-03-21 10:45:01 INFO [train] Processing slice file: dataset/data/mpd.slice.480000-480999.json
2026-03-21 10:45:01 INFO [train] Processing slice file: dataset/data/mpd.slice.333000-333999.json
2026-03-21 10:45:02 INFO [train] Processing slice file: dataset/data/mpd.slice.435000-435999.json
2026-03-21 10:45:02 INFO [train] Processing slice file: dataset/data/mpd.slice.963000-963999.json
2026-03-21 10:45:02 INFO [train] Processing slice file: dataset/data/mpd.slice.287000-287999.json
2026-03-21 10:45:02 INFO [train] Processing slice file: dataset/data/mpd.slice.581000-581999.json
2026-03-21 10:45:03 INFO [train] Processing slice file: dataset/data/mpd.slice.604000-604999.json
2026-03-21 10:45:03 INFO [train] Processing slice file: dataset/data/mpd.slice.102000-102999.json
2026-03-21 10:45:03 INFO [train] Processing slice file: dataset/data/mpd.slice.258000-258999.json
2026-03-21 10:45:04 INFO [train] Processing slice file: dataset/data/mpd.slice.808000-808999.json
2026-03-21 10:45:04 INFO [train] Processing slice file: dataset/data/mpd.slice.90000-90999.json
2026-03-21 10:45:04 INFO [train] Processing slice file: dataset/data/mpd.slice.131000-131999.json
2026-03-21 10:45:04 INFO [train] Processing slice file: dataset/data/mpd.slice.637000-637999.json
2026-03-21 10:45:05 INFO [train] Processing slice file: dataset/data/mpd.slice.783000-783999.json
2026-03-21 10:45:05 INFO [train] Processing slice file: dataset/data/mpd.slice.406000-406999.json
2026-03-21 10:45:05 INFO [train] Processing slice file: dataset/data/mpd.slice.950000-950999.json
2026-03-21 10:45:06 INFO [train] Processing slice file: dataset/data/mpd.slice.300000-300999.json
2026-03-21 10:45:06 INFO [train] Processing slice file: dataset/data/mpd.slice.507000-507999.json
2026-03-21 10:45:06 INFO [train] Processing slice file: dataset/data/mpd.slice.851000-851999.json
2026-03-21 10:45:06 INFO [train] Processing slice file: dataset/data/mpd.slice.201000-201999.json
2026-03-21 10:45:07 INFO [train] Processing slice file: dataset/data/mpd.slice.736000-736999.json
2026-03-21 10:45:07 INFO [train] Processing slice file: dataset/data/mpd.slice.61000-61999.json
2026-03-21 10:45:07 INFO [train] Processing slice file: dataset/data/mpd.slice.184000-184999.json
2026-03-21 10:45:07 INFO [train] Processing slice file: dataset/data/mpd.slice.682000-682999.json
2026-03-21 10:45:08 INFO [train] Processing slice file: dataset/data/mpd.slice.101000-101999.json
2026-03-21 10:45:08 INFO [train] Processing slice file: dataset/data/mpd.slice.607000-607999.json
2026-03-21 10:45:08 INFO [train] Processing slice file: dataset/data/mpd.slice.582000-582999.json
2026-03-21 10:45:09 INFO [train] Processing slice file: dataset/data/mpd.slice.284000-284999.json
2026-03-21 10:45:09 INFO [train] Processing slice file: dataset/data/mpd.slice.960000-960999.json
2026-03-21 10:45:09 INFO [train] Processing slice file: dataset/data/mpd.slice.436000-436999.json
2026-03-21 10:45:09 INFO [train] Processing slice file: dataset/data/mpd.slice.330000-330999.json
2026-03-21 10:45:10 INFO [train] Processing slice file: dataset/data/mpd.slice.483000-483999.json
2026-03-21 10:45:10 INFO [train] Processing slice file: dataset/data/mpd.slice.385000-385999.json
2026-03-21 10:45:10 INFO [train] Processing slice file: dataset/data/mpd.slice.861000-861999.json
2026-03-21 10:45:10 INFO [train] Processing slice file: dataset/data/mpd.slice.537000-537999.json
2026-03-21 10:45:11 INFO [train] Processing slice file: dataset/data/mpd.slice.231000-231999.json
2026-03-21 10:45:11 INFO [train] Processing slice file: dataset/data/mpd.slice.64000-64999.json
2026-03-21 10:45:11 INFO [train] Processing slice file: dataset/data/mpd.slice.706000-706999.json
2026-03-21 10:45:12 INFO [train] Processing slice file: dataset/data/mpd.slice.369000-369999.json
2026-03-21 10:45:12 INFO [train] Processing slice file: dataset/data/mpd.slice.681000-681999.json
2026-03-21 10:45:12 INFO [train] Processing slice file: dataset/data/mpd.slice.939000-939999.json
2026-03-21 10:45:12 INFO [train] Processing slice file: dataset/data/mpd.slice.187000-187999.json
2026-03-21 10:45:13 INFO [train] Processing slice file: dataset/data/mpd.slice.735000-735999.json
2026-03-21 10:45:13 INFO [train] Processing slice file: dataset/data/mpd.slice.158000-158999.json
2026-03-21 10:45:13 INFO [train] Processing slice file: dataset/data/mpd.slice.202000-202999.json
2026-03-21 10:45:14 INFO [train] Processing slice file: dataset/data/mpd.slice.40000-40999.json
2026-03-21 10:45:14 INFO [train] Processing slice file: dataset/data/mpd.slice.852000-852999.json
2026-03-21 10:45:14 INFO [train] Processing slice file: dataset/data/mpd.slice.504000-504999.json
2026-03-21 10:45:14 INFO [train] Processing slice file: dataset/data/mpd.slice.303000-303999.json
2026-03-21 10:45:15 INFO [train] Processing slice file: dataset/data/mpd.slice.953000-953999.json
2026-03-21 10:45:15 INFO [train] Processing slice file: dataset/data/mpd.slice.405000-405999.json
2026-03-21 10:45:15 INFO [train] Processing slice file: dataset/data/mpd.slice.268000-268999.json
2026-03-21 10:45:15 INFO [train] Processing slice file: dataset/data/mpd.slice.780000-780999.json
2026-03-21 10:45:16 INFO [train] Processing slice file: dataset/data/mpd.slice.838000-838999.json
2026-03-21 10:45:16 INFO [train] Processing slice file: dataset/data/mpd.slice.634000-634999.json
2026-03-21 10:45:16 INFO [train] Processing slice file: dataset/data/mpd.slice.95000-95999.json
2026-03-21 10:45:17 INFO [train] Processing slice file: dataset/data/mpd.slice.132000-132999.json
2026-03-21 10:45:17 INFO [train] Processing slice file: dataset/data/mpd.slice.285000-285999.json
2026-03-21 10:45:17 INFO [train] Processing slice file: dataset/data/mpd.slice.583000-583999.json
2026-03-21 10:45:17 INFO [train] Processing slice file: dataset/data/mpd.slice.331000-331999.json
2026-03-21 10:45:18 INFO [train] Processing slice file: dataset/data/mpd.slice.961000-961999.json
2026-03-21 10:45:18 INFO [train] Processing slice file: dataset/data/mpd.slice.437000-437999.json
2026-03-21 10:45:18 INFO [train] Processing slice file: dataset/data/mpd.slice.606000-606999.json
2026-03-21 10:45:19 INFO [train] Processing slice file: dataset/data/mpd.slice.100000-100999.json
2026-03-21 10:45:19 INFO [train] Processing slice file: dataset/data/mpd.slice.707000-707999.json
2026-03-21 10:45:19 INFO [train] Processing slice file: dataset/data/mpd.slice.12000-12999.json
2026-03-21 10:45:19 INFO [train] Processing slice file: dataset/data/mpd.slice.384000-384999.json
2026-03-21 10:45:20 INFO [train] Processing slice file: dataset/data/mpd.slice.482000-482999.json
2026-03-21 10:45:20 INFO [train] Processing slice file: dataset/data/mpd.slice.230000-230999.json
2026-03-21 10:45:20 INFO [train] Processing slice file: dataset/data/mpd.slice.860000-860999.json
2026-03-21 10:45:20 INFO [train] Processing slice file: dataset/data/mpd.slice.536000-536999.json
2026-03-21 10:45:21 INFO [train] Processing slice file: dataset/data/mpd.slice.159000-159999.json
2026-03-21 10:45:21 INFO [train] Processing slice file: dataset/data/mpd.slice.853000-853999.json
2026-03-21 10:45:21 INFO [train] Processing slice file: dataset/data/mpd.slice.505000-505999.json
2026-03-21 10:45:22 INFO [train] Processing slice file: dataset/data/mpd.slice.36000-36999.json
2026-03-21 10:45:22 INFO [train] Processing slice file: dataset/data/mpd.slice.203000-203999.json
2026-03-21 10:45:22 INFO [train] Processing slice file: dataset/data/mpd.slice.186000-186999.json
2026-03-21 10:45:22 INFO [train] Processing slice file: dataset/data/mpd.slice.938000-938999.json
2026-03-21 10:45:23 INFO [train] Processing slice file: dataset/data/mpd.slice.680000-680999.json
2026-03-21 10:45:23 INFO [train] Processing slice file: dataset/data/mpd.slice.368000-368999.json
2026-03-21 10:45:23 INFO [train] Processing slice file: dataset/data/mpd.slice.734000-734999.json
2026-03-21 10:45:24 INFO [train] Processing slice file: dataset/data/mpd.slice.839000-839999.json
2026-03-21 10:45:24 INFO [train] Processing slice file: dataset/data/mpd.slice.781000-781999.json
2026-03-21 10:45:24 INFO [train] Processing slice file: dataset/data/mpd.slice.269000-269999.json
2026-03-21 10:45:24 INFO [train] Processing slice file: dataset/data/mpd.slice.133000-133999.json
2026-03-21 10:45:25 INFO [train] Processing slice file: dataset/data/mpd.slice.635000-635999.json
2026-03-21 10:45:25 INFO [train] Processing slice file: dataset/data/mpd.slice.952000-952999.json
2026-03-21 10:45:25 INFO [train] Processing slice file: dataset/data/mpd.slice.404000-404999.json
2026-03-21 10:45:25 INFO [train] Processing slice file: dataset/data/mpd.slice.302000-302999.json
2026-03-21 10:45:26 INFO [train] ETL pipeline finished for all slices
2026-03-21 10:45:26 INFO [train] Full ETL pipeline completed successfully in 277.99 seconds
2026-03-21 10:46:03 INFO [train] Loading processed data...
2026-03-21 10:46:03 INFO [train] Processing slice file: dataset/data/mpd.slice.549000-549999.json
2026-03-21 10:46:03 INFO [train] Processing slice file: dataset/data/mpd.slice.613000-613999.json
2026-03-21 10:46:03 INFO [train] Processing slice file: dataset/data/mpd.slice.115000-115999.json
2026-03-21 10:46:04 INFO [train] Processing slice file: dataset/data/mpd.slice.778000-778999.json
2026-03-21 10:46:04 INFO [train] Processing slice file: dataset/data/mpd.slice.290000-290999.json
2026-03-21 10:46:04 INFO [train] Processing slice file: dataset/data/mpd.slice.596000-596999.json
2026-03-21 10:46:04 INFO [train] Processing slice file: dataset/data/mpd.slice.324000-324999.json
2026-03-21 10:46:05 INFO [train] Processing slice file: dataset/data/mpd.slice.422000-422999.json
2026-03-21 10:46:05 INFO [train] Processing slice file: dataset/data/mpd.slice.974000-974999.json
2026-03-21 10:46:05 INFO [train] Processing slice file: dataset/data/mpd.slice.679000-679999.json
2026-03-21 10:46:06 INFO [train] Processing slice file: dataset/data/mpd.slice.7000-7999.json
2026-03-21 10:46:06 INFO [train] Processing slice file: dataset/data/mpd.slice.391000-391999.json
2026-03-21 10:46:06 INFO [train] Processing slice file: dataset/data/mpd.slice.497000-497999.json
2026-03-21 10:46:06 INFO [train] Processing slice file: dataset/data/mpd.slice.225000-225999.json
2026-03-21 10:46:07 INFO [train] Processing slice file: dataset/data/mpd.slice.523000-523999.json
2026-03-21 10:46:07 INFO [train] Processing slice file: dataset/data/mpd.slice.875000-875999.json
2026-03-21 10:46:07 INFO [train] Processing slice file: dataset/data/mpd.slice.448000-448999.json
2026-03-21 10:46:07 INFO [train] Processing slice file: dataset/data/mpd.slice.712000-712999.json
2026-03-21 10:46:08 INFO [train] Processing slice file: dataset/data/mpd.slice.193000-193999.json
2026-03-21 10:46:08 INFO [train] Processing slice file: dataset/data/mpd.slice.38000-38999.json
2026-03-21 10:46:08 INFO [train] Processing slice file: dataset/data/mpd.slice.695000-695999.json
2026-03-21 10:46:08 INFO [train] Processing slice file: dataset/data/mpd.slice.899000-899999.json
2026-03-21 10:46:09 INFO [train] Processing slice file: dataset/data/mpd.slice.721000-721999.json
2026-03-21 10:46:09 INFO [train] Processing slice file: dataset/data/mpd.slice.510000-510999.json
2026-03-21 10:46:09 INFO [train] Processing slice file: dataset/data/mpd.slice.846000-846999.json
2026-03-21 10:46:09 INFO [train] Processing slice file: dataset/data/mpd.slice.216000-216999.json
2026-03-21 10:46:10 INFO [train] Processing slice file: dataset/data/mpd.slice.411000-411999.json
2026-03-21 10:46:10 INFO [train] Processing slice file: dataset/data/mpd.slice.947000-947999.json
2026-03-21 10:46:10 INFO [train] Processing slice file: dataset/data/mpd.slice.317000-317999.json
2026-03-21 10:46:11 INFO [train] Processing slice file: dataset/data/mpd.slice.22000-22999.json
2026-03-21 10:46:11 INFO [train] Processing slice file: dataset/data/mpd.slice.794000-794999.json
2026-03-21 10:46:11 INFO [train] Processing slice file: dataset/data/mpd.slice.126000-126999.json
2026-03-21 10:46:11 INFO [train] Processing slice file: dataset/data/mpd.slice.998000-998999.json
2026-03-21 10:46:12 INFO [train] Processing slice file: dataset/data/mpd.slice.620000-620999.json
2026-03-21 10:46:12 INFO [train] Processing slice file: dataset/data/mpd.slice.3000-3999.json
2026-03-21 10:46:12 INFO [train] Processing slice file: dataset/data/mpd.slice.70000-70999.json
2026-03-21 10:46:12 INFO [train] Processing slice file: dataset/data/mpd.slice.597000-597999.json
2026-03-21 10:46:13 INFO [train] Processing slice file: dataset/data/mpd.slice.291000-291999.json
2026-03-21 10:46:13 INFO [train] Processing slice file: dataset/data/mpd.slice.779000-779999.json
2026-03-21 10:46:13 INFO [train] Processing slice file: dataset/data/mpd.slice.423000-423999.json
2026-03-21 10:46:14 INFO [train] Processing slice file: dataset/data/mpd.slice.975000-975999.json
2026-03-21 10:46:14 INFO [train] Processing slice file: dataset/data/mpd.slice.325000-325999.json
2026-03-21 10:46:14 INFO [train] Processing slice file: dataset/data/mpd.slice.548000-548999.json
2026-03-21 10:46:14 INFO [train] Processing slice file: dataset/data/mpd.slice.114000-114999.json
2026-03-21 10:46:15 INFO [train] Processing slice file: dataset/data/mpd.slice.612000-612999.json
2026-03-21 10:46:15 INFO [train] Processing slice file: dataset/data/mpd.slice.449000-449999.json
2026-03-21 10:46:15 INFO [train] Processing slice file: dataset/data/mpd.slice.713000-713999.json
2026-03-21 10:46:15 INFO [train] Processing slice file: dataset/data/mpd.slice.496000-496999.json
2026-03-21 10:46:16 INFO [train] Processing slice file: dataset/data/mpd.slice.390000-390999.json
2026-03-21 10:46:16 INFO [train] Processing slice file: dataset/data/mpd.slice.678000-678999.json
2026-03-21 10:46:16 INFO [train] Processing slice file: dataset/data/mpd.slice.522000-522999.json
2026-03-21 10:46:16 INFO [train] Processing slice file: dataset/data/mpd.slice.874000-874999.json
2026-03-21 10:46:17 INFO [train] Processing slice file: dataset/data/mpd.slice.224000-224999.json
2026-03-21 10:46:17 INFO [train] Processing slice file: dataset/data/mpd.slice.81000-81999.json
2026-03-21 10:46:17 INFO [train] Processing slice file: dataset/data/mpd.slice.217000-217999.json
2026-03-21 10:46:17 INFO [train] Processing slice file: dataset/data/mpd.slice.511000-511999.json
2026-03-21 10:46:18 INFO [train] Processing slice file: dataset/data/mpd.slice.847000-847999.json
2026-03-21 10:46:18 INFO [train] Processing slice file: dataset/data/mpd.slice.694000-694999.json
2026-03-21 10:46:18 INFO [train] Processing slice file: dataset/data/mpd.slice.192000-192999.json
2026-03-21 10:46:19 INFO [train] Processing slice file: dataset/data/mpd.slice.720000-720999.json
2026-03-21 10:46:19 INFO [train] Processing slice file: dataset/data/mpd.slice.898000-898999.json
2026-03-21 10:46:19 INFO [train] Processing slice file: dataset/data/mpd.slice.54000-54999.json
2026-03-21 10:46:19 INFO [train] Processing slice file: dataset/data/mpd.slice.795000-795999.json
2026-03-21 10:46:20 INFO [train] Processing slice file: dataset/data/mpd.slice.621000-621999.json
2026-03-21 10:46:20 INFO [train] Processing slice file: dataset/data/mpd.slice.999000-999999.json
2026-03-21 10:46:20 INFO [train] Processing slice file: dataset/data/mpd.slice.127000-127999.json
2026-03-21 10:46:20 INFO [train] Processing slice file: dataset/data/mpd.slice.316000-316999.json
2026-03-21 10:46:21 INFO [train] Processing slice file: dataset/data/mpd.slice.410000-410999.json
2026-03-21 10:46:21 INFO [train] Processing slice file: dataset/data/mpd.slice.946000-946999.json
2026-03-21 10:46:21 INFO [train] Processing slice file: dataset/data/mpd.slice.227000-227999.json
2026-03-21 10:46:21 INFO [train] Processing slice file: dataset/data/mpd.slice.84000-84999.json
2026-03-21 10:46:22 INFO [train] Processing slice file: dataset/data/mpd.slice.877000-877999.json
2026-03-21 10:46:22 INFO [train] Processing slice file: dataset/data/mpd.slice.521000-521999.json
2026-03-21 10:46:22 INFO [train] Processing slice file: dataset/data/mpd.slice.393000-393999.json
2026-03-21 10:46:23 INFO [train] Processing slice file: dataset/data/mpd.slice.495000-495999.json
2026-03-21 10:46:23 INFO [train] Processing slice file: dataset/data/mpd.slice.710000-710999.json
2026-03-21 10:46:23 INFO [train] Processing slice file: dataset/data/mpd.slice.611000-611999.json
2026-03-21 10:46:23 INFO [train] Processing slice file: dataset/data/mpd.slice.117000-117999.json
2026-03-21 10:46:24 INFO [train] Processing slice file: dataset/data/mpd.slice.51000-51999.json
2026-03-21 10:46:24 INFO [train] Processing slice file: dataset/data/mpd.slice.326000-326999.json
2026-03-21 10:46:24 INFO [train] Processing slice file: dataset/data/mpd.slice.976000-976999.json
2026-03-21 10:46:24 INFO [train] Processing slice file: dataset/data/mpd.slice.420000-420999.json
2026-03-21 10:46:25 INFO [train] Processing slice file: dataset/data/mpd.slice.292000-292999.json
2026-03-21 10:46:25 INFO [train] Processing slice file: dataset/data/mpd.slice.594000-594999.json
2026-03-21 10:46:25 INFO [train] Processing slice file: dataset/data/mpd.slice.945000-945999.json
2026-03-21 10:46:25 INFO [train] Processing slice file: dataset/data/mpd.slice.413000-413999.json
2026-03-21 10:46:26 INFO [train] Processing slice file: dataset/data/mpd.slice.75000-75999.json
2026-03-21 10:46:26 INFO [train] Processing slice file: dataset/data/mpd.slice.315000-315999.json
2026-03-21 10:46:26 INFO [train] Processing slice file: dataset/data/mpd.slice.749000-749999.json
2026-03-21 10:46:26 INFO [train] Processing slice file: dataset/data/mpd.slice.124000-124999.json
2026-03-21 10:46:27 INFO [train] Processing slice file: dataset/data/mpd.slice.622000-622999.json
2026-03-21 10:46:27 INFO [train] Processing slice file: dataset/data/mpd.slice.578000-578999.json
2026-03-21 10:46:27 INFO [train] Processing slice file: dataset/data/mpd.slice.796000-796999.json
2026-03-21 10:46:28 INFO [train] Processing slice file: dataset/data/mpd.slice.723000-723999.json
2026-03-21 10:46:28 INFO [train] Processing slice file: dataset/data/mpd.slice.191000-191999.json
2026-03-21 10:46:28 INFO [train] Processing slice file: dataset/data/mpd.slice.479000-479999.json
2026-03-21 10:46:28 INFO [train] Processing slice file: dataset/data/mpd.slice.697000-697999.json
2026-03-21 10:46:29 INFO [train] Processing slice file: dataset/data/mpd.slice.844000-844999.json
2026-03-21 10:46:29 INFO [train] Processing slice file: dataset/data/mpd.slice.512000-512999.json
2026-03-21 10:46:29 INFO [train] Processing slice file: dataset/data/mpd.slice.214000-214999.json
2026-03-21 10:46:29 INFO [train] Processing slice file: dataset/data/mpd.slice.648000-648999.json
2026-03-21 10:46:30 INFO [train] Processing slice file: dataset/data/mpd.slice.711000-711999.json
2026-03-21 10:46:30 INFO [train] Processing slice file: dataset/data/mpd.slice.876000-876999.json
2026-03-21 10:46:30 INFO [train] Processing slice file: dataset/data/mpd.slice.520000-520999.json
2026-03-21 10:46:30 INFO [train] Processing slice file: dataset/data/mpd.slice.226000-226999.json
2026-03-21 10:46:31 INFO [train] Processing slice file: dataset/data/mpd.slice.494000-494999.json
2026-03-21 10:46:31 INFO [train] Processing slice file: dataset/data/mpd.slice.392000-392999.json
2026-03-21 10:46:31 INFO [train] Processing slice file: dataset/data/mpd.slice.977000-977999.json
2026-03-21 10:46:31 INFO [train] Processing slice file: dataset/data/mpd.slice.421000-421999.json
2026-03-21 10:46:32 INFO [train] Processing slice file: dataset/data/mpd.slice.327000-327999.json
2026-03-21 10:46:32 INFO [train] Processing slice file: dataset/data/mpd.slice.595000-595999.json
2026-03-21 10:46:32 INFO [train] Processing slice file: dataset/data/mpd.slice.293000-293999.json
2026-03-21 10:46:33 INFO [train] Processing slice file: dataset/data/mpd.slice.116000-116999.json
2026-03-21 10:46:33 INFO [train] Processing slice file: dataset/data/mpd.slice.610000-610999.json
2026-03-21 10:46:33 INFO [train] Processing slice file: dataset/data/mpd.slice.27000-27999.json
2026-03-21 10:46:33 INFO [train] Processing slice file: dataset/data/mpd.slice.6000-6999.json
2026-03-21 10:46:34 INFO [train] Processing slice file: dataset/data/mpd.slice.623000-623999.json
2026-03-21 10:46:34 INFO [train] Processing slice file: dataset/data/mpd.slice.125000-125999.json
2026-03-21 10:46:34 INFO [train] Processing slice file: dataset/data/mpd.slice.797000-797999.json
2026-03-21 10:46:34 INFO [train] Processing slice file: dataset/data/mpd.slice.579000-579999.json
2026-03-21 10:46:35 INFO [train] Processing slice file: dataset/data/mpd.slice.314000-314999.json
2026-03-21 10:46:35 INFO [train] Processing slice file: dataset/data/mpd.slice.944000-944999.json
2026-03-21 10:46:35 INFO [train] Processing slice file: dataset/data/mpd.slice.412000-412999.json
2026-03-21 10:46:35 INFO [train] Processing slice file: dataset/data/mpd.slice.748000-748999.json
2026-03-21 10:46:36 INFO [train] Processing slice file: dataset/data/mpd.slice.215000-215999.json
2026-03-21 10:46:36 INFO [train] Processing slice file: dataset/data/mpd.slice.19000-19999.json
2026-03-21 10:46:36 INFO [train] Processing slice file: dataset/data/mpd.slice.845000-845999.json
2026-03-21 10:46:37 INFO [train] Processing slice file: dataset/data/mpd.slice.513000-513999.json
2026-03-21 10:46:37 INFO [train] Processing slice file: dataset/data/mpd.slice.2000-2999.json
2026-03-21 10:46:37 INFO [train] Processing slice file: dataset/data/mpd.slice.649000-649999.json
2026-03-21 10:46:37 INFO [train] Processing slice file: dataset/data/mpd.slice.722000-722999.json
2026-03-21 10:46:38 INFO [train] Processing slice file: dataset/data/mpd.slice.696000-696999.json
2026-03-21 10:46:38 INFO [train] Processing slice file: dataset/data/mpd.slice.478000-478999.json
2026-03-21 10:46:38 INFO [train] Processing slice file: dataset/data/mpd.slice.190000-190999.json
2026-03-21 10:46:38 INFO [train] Processing slice file: dataset/data/mpd.slice.540000-540999.json
2026-03-21 10:46:39 INFO [train] Processing slice file: dataset/data/mpd.slice.816000-816999.json
2026-03-21 10:46:39 INFO [train] Processing slice file: dataset/data/mpd.slice.246000-246999.json
2026-03-21 10:46:39 INFO [train] Processing slice file: dataset/data/mpd.slice.37000-37999.json
2026-03-21 10:46:39 INFO [train] Processing slice file: dataset/data/mpd.slice.299000-299999.json
2026-03-21 10:46:40 INFO [train] Processing slice file: dataset/data/mpd.slice.771000-771999.json
2026-03-21 10:46:40 INFO [train] Processing slice file: dataset/data/mpd.slice.176000-176999.json
2026-03-21 10:46:40 INFO [train] Processing slice file: dataset/data/mpd.slice.398000-398999.json
2026-03-21 10:46:41 INFO [train] Processing slice file: dataset/data/mpd.slice.670000-670999.json
2026-03-21 10:46:41 INFO [train] Processing slice file: dataset/data/mpd.slice.441000-441999.json
2026-03-21 10:46:41 INFO [train] Processing slice file: dataset/data/mpd.slice.917000-917999.json
2026-03-21 10:46:41 INFO [train] Processing slice file: dataset/data/mpd.slice.347000-347999.json
2026-03-21 10:46:42 INFO [train] Processing slice file: dataset/data/mpd.slice.374000-374999.json
2026-03-21 10:46:42 INFO [train] Processing slice file: dataset/data/mpd.slice.472000-472999.json
2026-03-21 10:46:42 INFO [train] Processing slice file: dataset/data/mpd.slice.924000-924999.json
2026-03-21 10:46:42 INFO [train] Processing slice file: dataset/data/mpd.slice.728000-728999.json
2026-03-21 10:46:43 INFO [train] Processing slice file: dataset/data/mpd.slice.890000-890999.json
2026-03-21 10:46:43 INFO [train] Processing slice file: dataset/data/mpd.slice.643000-643999.json
2026-03-21 10:46:43 INFO [train] Processing slice file: dataset/data/mpd.slice.145000-145999.json
2026-03-21 10:46:43 INFO [train] Processing slice file: dataset/data/mpd.slice.519000-519999.json
2026-03-21 10:46:44 INFO [train] Processing slice file: dataset/data/mpd.slice.742000-742999.json
2026-03-21 10:46:44 INFO [train] Processing slice file: dataset/data/mpd.slice.13000-13999.json
2026-03-21 10:46:44 INFO [train] Processing slice file: dataset/data/mpd.slice.418000-418999.json
2026-03-21 10:46:44 INFO [train] Processing slice file: dataset/data/mpd.slice.8000-8999.json
2026-03-21 10:46:45 INFO [train] Processing slice file: dataset/data/mpd.slice.275000-275999.json
2026-03-21 10:46:45 INFO [train] Processing slice file: dataset/data/mpd.slice.573000-573999.json
2026-03-21 10:46:45 INFO [train] Processing slice file: dataset/data/mpd.slice.825000-825999.json
2026-03-21 10:46:46 INFO [train] Processing slice file: dataset/data/mpd.slice.629000-629999.json
2026-03-21 10:46:46 INFO [train] Processing slice file: dataset/data/mpd.slice.991000-991999.json
2026-03-21 10:46:46 INFO [train] Processing slice file: dataset/data/mpd.slice.770000-770999.json
2026-03-21 10:46:46 INFO [train] Processing slice file: dataset/data/mpd.slice.298000-298999.json
2026-03-21 10:46:47 INFO [train] Processing slice file: dataset/data/mpd.slice.247000-247999.json
2026-03-21 10:46:47 INFO [train] Processing slice file: dataset/data/mpd.slice.541000-541999.json
2026-03-21 10:46:47 INFO [train] Processing slice file: dataset/data/mpd.slice.817000-817999.json
2026-03-21 10:46:47 INFO [train] Processing slice file: dataset/data/mpd.slice.41000-41999.json
2026-03-21 10:46:48 INFO [train] Processing slice file: dataset/data/mpd.slice.346000-346999.json
2026-03-21 10:46:48 INFO [train] Processing slice file: dataset/data/mpd.slice.440000-440999.json
2026-03-21 10:46:48 INFO [train] Processing slice file: dataset/data/mpd.slice.916000-916999.json
2026-03-21 10:46:48 INFO [train] Processing slice file: dataset/data/mpd.slice.671000-671999.json
2026-03-21 10:46:49 INFO [train] Processing slice file: dataset/data/mpd.slice.399000-399999.json
2026-03-21 10:46:49 INFO [train] Processing slice file: dataset/data/mpd.slice.177000-177999.json
2026-03-21 10:46:49 INFO [train] Processing slice file: dataset/data/mpd.slice.94000-94999.json
2026-03-21 10:46:50 INFO [train] Processing slice file: dataset/data/mpd.slice.144000-144999.json
2026-03-21 10:46:50 INFO [train] Processing slice file: dataset/data/mpd.slice.642000-642999.json
2026-03-21 10:46:50 INFO [train] Processing slice file: dataset/data/mpd.slice.518000-518999.json
2026-03-21 10:46:50 INFO [train] Processing slice file: dataset/data/mpd.slice.473000-473999.json
2026-03-21 10:46:51 INFO [train] Processing slice file: dataset/data/mpd.slice.925000-925999.json
2026-03-21 10:46:51 INFO [train] Processing slice file: dataset/data/mpd.slice.375000-375999.json
2026-03-21 10:46:51 INFO [train] Processing slice file: dataset/data/mpd.slice.891000-891999.json
2026-03-21 10:46:51 INFO [train] Processing slice file: dataset/data/mpd.slice.729000-729999.json
2026-03-21 10:46:52 INFO [train] Processing slice file: dataset/data/mpd.slice.572000-572999.json
2026-03-21 10:46:52 INFO [train] Processing slice file: dataset/data/mpd.slice.824000-824999.json
2026-03-21 10:46:52 INFO [train] Processing slice file: dataset/data/mpd.slice.274000-274999.json
2026-03-21 10:46:52 INFO [train] Processing slice file: dataset/data/mpd.slice.990000-990999.json
2026-03-21 10:46:53 INFO [train] Processing slice file: dataset/data/mpd.slice.628000-628999.json
2026-03-21 10:46:53 INFO [train] Processing slice file: dataset/data/mpd.slice.743000-743999.json
2026-03-21 10:46:53 INFO [train] Processing slice file: dataset/data/mpd.slice.419000-419999.json
2026-03-21 10:46:53 INFO [train] Processing slice file: dataset/data/mpd.slice.65000-65999.json
2026-03-21 10:46:54 INFO [train] Processing slice file: dataset/data/mpd.slice.528000-528999.json
2026-03-21 10:46:54 INFO [train] Processing slice file: dataset/data/mpd.slice.174000-174999.json
2026-03-21 10:46:54 INFO [train] Processing slice file: dataset/data/mpd.slice.672000-672999.json
2026-03-21 10:46:55 INFO [train] Processing slice file: dataset/data/mpd.slice.719000-719999.json
2026-03-21 10:46:55 INFO [train] Processing slice file: dataset/data/mpd.slice.915000-915999.json
2026-03-21 10:46:55 INFO [train] Processing slice file: dataset/data/mpd.slice.443000-443999.json
2026-03-21 10:46:55 INFO [train] Processing slice file: dataset/data/mpd.slice.345000-345999.json
2026-03-21 10:46:56 INFO [train] Processing slice file: dataset/data/mpd.slice.618000-618999.json
2026-03-21 10:46:56 INFO [train] Processing slice file: dataset/data/mpd.slice.814000-814999.json
2026-03-21 10:46:56 INFO [train] Processing slice file: dataset/data/mpd.slice.542000-542999.json
2026-03-21 10:46:57 INFO [train] Processing slice file: dataset/data/mpd.slice.244000-244999.json
2026-03-21 10:46:57 INFO [train] Processing slice file: dataset/data/mpd.slice.429000-429999.json
2026-03-21 10:46:57 INFO [train] Processing slice file: dataset/data/mpd.slice.773000-773999.json
2026-03-21 10:46:57 INFO [train] Processing slice file: dataset/data/mpd.slice.60000-60999.json
2026-03-21 10:46:58 INFO [train] Processing slice file: dataset/data/mpd.slice.740000-740999.json
2026-03-21 10:46:58 INFO [train] Processing slice file: dataset/data/mpd.slice.993000-993999.json
2026-03-21 10:46:58 INFO [train] Processing slice file: dataset/data/mpd.slice.277000-277999.json
2026-03-21 10:46:59 INFO [train] Processing slice file: dataset/data/mpd.slice.827000-827999.json
2026-03-21 10:46:59 INFO [train] Processing slice file: dataset/data/mpd.slice.571000-571999.json
2026-03-21 10:46:59 INFO [train] Processing slice file: dataset/data/mpd.slice.44000-44999.json
2026-03-21 10:46:59 INFO [train] Processing slice file: dataset/data/mpd.slice.892000-892999.json
2026-03-21 10:47:00 INFO [train] Processing slice file: dataset/data/mpd.slice.376000-376999.json
2026-03-21 10:47:00 INFO [train] Processing slice file: dataset/data/mpd.slice.926000-926999.json
2026-03-21 10:47:00 INFO [train] Processing slice file: dataset/data/mpd.slice.470000-470999.json
2026-03-21 10:47:01 INFO [train] Processing slice file: dataset/data/mpd.slice.198000-198999.json
2026-03-21 10:47:01 INFO [train] Processing slice file: dataset/data/mpd.slice.91000-91999.json
2026-03-21 10:47:01 INFO [train] Processing slice file: dataset/data/mpd.slice.641000-641999.json
2026-03-21 10:47:02 INFO [train] Processing slice file: dataset/data/mpd.slice.147000-147999.json
2026-03-21 10:47:02 INFO [train] Processing slice file: dataset/data/mpd.slice.718000-718999.json
2026-03-21 10:47:02 INFO [train] Processing slice file: dataset/data/mpd.slice.344000-344999.json
2026-03-21 10:47:03 INFO [train] Processing slice file: dataset/data/mpd.slice.914000-914999.json
2026-03-21 10:47:03 INFO [train] Processing slice file: dataset/data/mpd.slice.442000-442999.json
2026-03-21 10:47:03 INFO [train] Processing slice file: dataset/data/mpd.slice.529000-529999.json
2026-03-21 10:47:04 INFO [train] Processing slice file: dataset/data/mpd.slice.673000-673999.json
2026-03-21 10:47:04 INFO [train] Processing slice file: dataset/data/mpd.slice.175000-175999.json
2026-03-21 10:47:04 INFO [train] Processing slice file: dataset/data/mpd.slice.428000-428999.json
2026-03-21 10:47:05 INFO [train] Processing slice file: dataset/data/mpd.slice.772000-772999.json
2026-03-21 10:47:05 INFO [train] Processing slice file: dataset/data/mpd.slice.16000-16999.json
2026-03-21 10:47:06 INFO [train] Processing slice file: dataset/data/mpd.slice.619000-619999.json
2026-03-21 10:47:06 INFO [train] Processing slice file: dataset/data/mpd.slice.245000-245999.json
2026-03-21 10:47:06 INFO [train] Processing slice file: dataset/data/mpd.slice.815000-815999.json
2026-03-21 10:47:07 INFO [train] Processing slice file: dataset/data/mpd.slice.543000-543999.json
2026-03-21 10:47:07 INFO [train] Processing slice file: dataset/data/mpd.slice.992000-992999.json
2026-03-21 10:47:07 INFO [train] Processing slice file: dataset/data/mpd.slice.826000-826999.json
2026-03-21 10:47:08 INFO [train] Processing slice file: dataset/data/mpd.slice.570000-570999.json
2026-03-21 10:47:08 INFO [train] Processing slice file: dataset/data/mpd.slice.32000-32999.json
2026-03-21 10:47:08 INFO [train] Processing slice file: dataset/data/mpd.slice.276000-276999.json
2026-03-21 10:47:08 INFO [train] Processing slice file: dataset/data/mpd.slice.741000-741999.json
2026-03-21 10:47:09 INFO [train] Processing slice file: dataset/data/mpd.slice.146000-146999.json
2026-03-21 10:47:09 INFO [train] Processing slice file: dataset/data/mpd.slice.640000-640999.json
2026-03-21 10:47:09 INFO [train] Processing slice file: dataset/data/mpd.slice.893000-893999.json
2026-03-21 10:47:10 INFO [train] Processing slice file: dataset/data/mpd.slice.9000-9999.json
2026-03-21 10:47:10 INFO [train] Processing slice file: dataset/data/mpd.slice.199000-199999.json
2026-03-21 10:47:10 INFO [train] Processing slice file: dataset/data/mpd.slice.927000-927999.json
2026-03-21 10:47:10 INFO [train] Processing slice file: dataset/data/mpd.slice.471000-471999.json
2026-03-21 10:47:11 INFO [train] Processing slice file: dataset/data/mpd.slice.28000-28999.json
2026-03-21 10:47:11 INFO [train] Processing slice file: dataset/data/mpd.slice.377000-377999.json
2026-03-21 10:47:11 INFO [train] Processing slice file: dataset/data/mpd.slice.880000-880999.json
2026-03-21 10:47:12 INFO [train] Processing slice file: dataset/data/mpd.slice.738000-738999.json
2026-03-21 10:47:12 INFO [train] Processing slice file: dataset/data/mpd.slice.934000-934999.json
2026-03-21 10:47:12 INFO [train] Processing slice file: dataset/data/mpd.slice.462000-462999.json
2026-03-21 10:47:12 INFO [train] Processing slice file: dataset/data/mpd.slice.364000-364999.json
2026-03-21 10:47:13 INFO [train] Processing slice file: dataset/data/mpd.slice.509000-509999.json
2026-03-21 10:47:13 INFO [train] Processing slice file: dataset/data/mpd.slice.155000-155999.json
2026-03-21 10:47:13 INFO [train] Processing slice file: dataset/data/mpd.slice.653000-653999.json
2026-03-21 10:47:14 INFO [train] Processing slice file: dataset/data/mpd.slice.408000-408999.json
2026-03-21 10:47:14 INFO [train] Processing slice file: dataset/data/mpd.slice.10000-10999.json
2026-03-21 10:47:14 INFO [train] Processing slice file: dataset/data/mpd.slice.752000-752999.json
2026-03-21 10:47:14 INFO [train] Processing slice file: dataset/data/mpd.slice.981000-981999.json
2026-03-21 10:47:15 INFO [train] Processing slice file: dataset/data/mpd.slice.639000-639999.json
2026-03-21 10:47:15 INFO [train] Processing slice file: dataset/data/mpd.slice.835000-835999.json
2026-03-21 10:47:15 INFO [train] Processing slice file: dataset/data/mpd.slice.563000-563999.json
2026-03-21 10:47:15 INFO [train] Processing slice file: dataset/data/mpd.slice.265000-265999.json
2026-03-21 10:47:16 INFO [train] Processing slice file: dataset/data/mpd.slice.34000-34999.json
2026-03-21 10:47:16 INFO [train] Processing slice file: dataset/data/mpd.slice.256000-256999.json
2026-03-21 10:47:16 INFO [train] Processing slice file: dataset/data/mpd.slice.806000-806999.json
2026-03-21 10:47:16 INFO [train] Processing slice file: dataset/data/mpd.slice.550000-550999.json
2026-03-21 10:47:17 INFO [train] Processing slice file: dataset/data/mpd.slice.289000-289999.json
2026-03-21 10:47:17 INFO [train] Processing slice file: dataset/data/mpd.slice.761000-761999.json
2026-03-21 10:47:17 INFO [train] Processing slice file: dataset/data/mpd.slice.388000-388999.json
2026-03-21 10:47:18 INFO [train] Processing slice file: dataset/data/mpd.slice.660000-660999.json
2026-03-21 10:47:18 INFO [train] Processing slice file: dataset/data/mpd.slice.166000-166999.json
2026-03-21 10:47:18 INFO [train] Processing slice file: dataset/data/mpd.slice.357000-357999.json
2026-03-21 10:47:18 INFO [train] Processing slice file: dataset/data/mpd.slice.907000-907999.json
2026-03-21 10:47:19 INFO [train] Processing slice file: dataset/data/mpd.slice.451000-451999.json
2026-03-21 10:47:19 INFO [train] Processing slice file: dataset/data/mpd.slice.508000-508999.json
2026-03-21 10:47:19 INFO [train] Processing slice file: dataset/data/mpd.slice.652000-652999.json
2026-03-21 10:47:19 INFO [train] Processing slice file: dataset/data/mpd.slice.154000-154999.json
2026-03-21 10:47:20 INFO [train] Processing slice file: dataset/data/mpd.slice.739000-739999.json
2026-03-21 10:47:20 INFO [train] Processing slice file: dataset/data/mpd.slice.881000-881999.json
2026-03-21 10:47:20 INFO [train] Processing slice file: dataset/data/mpd.slice.365000-365999.json
2026-03-21 10:47:21 INFO [train] Processing slice file: dataset/data/mpd.slice.935000-935999.json
2026-03-21 10:47:21 INFO [train] Processing slice file: dataset/data/mpd.slice.463000-463999.json
2026-03-21 10:47:21 INFO [train] Processing slice file: dataset/data/mpd.slice.638000-638999.json
2026-03-21 10:47:21 INFO [train] Processing slice file: dataset/data/mpd.slice.980000-980999.json
2026-03-21 10:47:22 INFO [train] Processing slice file: dataset/data/mpd.slice.264000-264999.json
2026-03-21 10:47:22 INFO [train] Processing slice file: dataset/data/mpd.slice.834000-834999.json
2026-03-21 10:47:22 INFO [train] Processing slice file: dataset/data/mpd.slice.562000-562999.json
2026-03-21 10:47:23 INFO [train] Processing slice file: dataset/data/mpd.slice.66000-66999.json
2026-03-21 10:47:23 INFO [train] Processing slice file: dataset/data/mpd.slice.409000-409999.json
2026-03-21 10:47:23 INFO [train] Processing slice file: dataset/data/mpd.slice.753000-753999.json
2026-03-21 10:47:23 INFO [train] Processing slice file: dataset/data/mpd.slice.760000-760999.json
2026-03-21 10:47:24 INFO [train] Processing slice file: dataset/data/mpd.slice.288000-288999.json
2026-03-21 10:47:24 INFO [train] Processing slice file: dataset/data/mpd.slice.42000-42999.json
2026-03-21 10:47:24 INFO [train] Processing slice file: dataset/data/mpd.slice.807000-807999.json
2026-03-21 10:47:24 INFO [train] Processing slice file: dataset/data/mpd.slice.551000-551999.json
2026-03-21 10:47:25 INFO [train] Processing slice file: dataset/data/mpd.slice.257000-257999.json
2026-03-21 10:47:25 INFO [train] Processing slice file: dataset/data/mpd.slice.58000-58999.json
2026-03-21 10:47:25 INFO [train] Processing slice file: dataset/data/mpd.slice.906000-906999.json
2026-03-21 10:47:26 INFO [train] Processing slice file: dataset/data/mpd.slice.450000-450999.json
2026-03-21 10:47:26 INFO [train] Processing slice file: dataset/data/mpd.slice.356000-356999.json
2026-03-21 10:47:26 INFO [train] Processing slice file: dataset/data/mpd.slice.97000-97999.json
2026-03-21 10:47:26 INFO [train] Processing slice file: dataset/data/mpd.slice.167000-167999.json
2026-03-21 10:47:27 INFO [train] Processing slice file: dataset/data/mpd.slice.661000-661999.json
2026-03-21 10:47:27 INFO [train] Processing slice file: dataset/data/mpd.slice.389000-389999.json
2026-03-21 10:47:27 INFO [train] Processing slice file: dataset/data/mpd.slice.88000-88999.json
2026-03-21 10:47:27 INFO [train] Processing slice file: dataset/data/mpd.slice.750000-750999.json
2026-03-21 10:47:28 INFO [train] Processing slice file: dataset/data/mpd.slice.561000-561999.json
2026-03-21 10:47:28 INFO [train] Processing slice file: dataset/data/mpd.slice.837000-837999.json
2026-03-21 10:47:28 INFO [train] Processing slice file: dataset/data/mpd.slice.47000-47999.json
2026-03-21 10:47:28 INFO [train] Processing slice file: dataset/data/mpd.slice.267000-267999.json
2026-03-21 10:47:29 INFO [train] Processing slice file: dataset/data/mpd.slice.983000-983999.json
2026-03-21 10:47:29 INFO [train] Processing slice file: dataset/data/mpd.slice.460000-460999.json
2026-03-21 10:47:29 INFO [train] Processing slice file: dataset/data/mpd.slice.936000-936999.json
2026-03-21 10:47:30 INFO [train] Processing slice file: dataset/data/mpd.slice.188000-188999.json
2026-03-21 10:47:30 INFO [train] Processing slice file: dataset/data/mpd.slice.366000-366999.json
2026-03-21 10:47:30 INFO [train] Processing slice file: dataset/data/mpd.slice.882000-882999.json
2026-03-21 10:47:30 INFO [train] Processing slice file: dataset/data/mpd.slice.92000-92999.json
2026-03-21 10:47:31 INFO [train] Processing slice file: dataset/data/mpd.slice.157000-157999.json
2026-03-21 10:47:31 INFO [train] Processing slice file: dataset/data/mpd.slice.651000-651999.json
2026-03-21 10:47:31 INFO [train] Processing slice file: dataset/data/mpd.slice.662000-662999.json
2026-03-21 10:47:31 INFO [train] Processing slice file: dataset/data/mpd.slice.79000-79999.json
2026-03-21 10:47:32 INFO [train] Processing slice file: dataset/data/mpd.slice.164000-164999.json
2026-03-21 10:47:32 INFO [train] Processing slice file: dataset/data/mpd.slice.538000-538999.json
2026-03-21 10:47:32 INFO [train] Processing slice file: dataset/data/mpd.slice.355000-355999.json
2026-03-21 10:47:33 INFO [train] Processing slice file: dataset/data/mpd.slice.453000-453999.json
2026-03-21 10:47:33 INFO [train] Processing slice file: dataset/data/mpd.slice.905000-905999.json
2026-03-21 10:47:33 INFO [train] Processing slice file: dataset/data/mpd.slice.709000-709999.json
2026-03-21 10:47:33 INFO [train] Processing slice file: dataset/data/mpd.slice.254000-254999.json
2026-03-21 10:47:34 INFO [train] Processing slice file: dataset/data/mpd.slice.552000-552999.json
2026-03-21 10:47:34 INFO [train] Processing slice file: dataset/data/mpd.slice.804000-804999.json
2026-03-21 10:47:34 INFO [train] Processing slice file: dataset/data/mpd.slice.608000-608999.json
2026-03-21 10:47:34 INFO [train] Processing slice file: dataset/data/mpd.slice.763000-763999.json
2026-03-21 10:47:35 INFO [train] Processing slice file: dataset/data/mpd.slice.63000-63999.json
2026-03-21 10:47:35 INFO [train] Processing slice file: dataset/data/mpd.slice.439000-439999.json
2026-03-21 10:47:35 INFO [train] Processing slice file: dataset/data/mpd.slice.266000-266999.json
2026-03-21 10:47:36 INFO [train] Processing slice file: dataset/data/mpd.slice.560000-560999.json
2026-03-21 10:47:36 INFO [train] Processing slice file: dataset/data/mpd.slice.836000-836999.json
2026-03-21 10:47:36 INFO [train] Processing slice file: dataset/data/mpd.slice.31000-31999.json
2026-03-21 10:47:36 INFO [train] Processing slice file: dataset/data/mpd.slice.982000-982999.json
2026-03-21 10:47:37 INFO [train] Processing slice file: dataset/data/mpd.slice.751000-751999.json
2026-03-21 10:47:37 INFO [train] Processing slice file: dataset/data/mpd.slice.650000-650999.json
2026-03-21 10:47:37 INFO [train] Processing slice file: dataset/data/mpd.slice.156000-156999.json
2026-03-21 10:47:37 INFO [train] Processing slice file: dataset/data/mpd.slice.0-999.json
2026-03-21 10:47:38 INFO [train] Processing slice file: dataset/data/mpd.slice.367000-367999.json
2026-03-21 10:47:38 INFO [train] Processing slice file: dataset/data/mpd.slice.189000-189999.json
2026-03-21 10:47:38 INFO [train] Processing slice file: dataset/data/mpd.slice.461000-461999.json
2026-03-21 10:47:39 INFO [train] Processing slice file: dataset/data/mpd.slice.937000-937999.json
2026-03-21 10:47:39 INFO [train] Processing slice file: dataset/data/mpd.slice.883000-883999.json
2026-03-21 10:47:39 INFO [train] Processing slice file: dataset/data/mpd.slice.452000-452999.json
2026-03-21 10:47:39 INFO [train] Processing slice file: dataset/data/mpd.slice.904000-904999.json
2026-03-21 10:47:40 INFO [train] Processing slice file: dataset/data/mpd.slice.354000-354999.json
2026-03-21 10:47:40 INFO [train] Processing slice file: dataset/data/mpd.slice.708000-708999.json
2026-03-21 10:47:40 INFO [train] Processing slice file: dataset/data/mpd.slice.165000-165999.json
2026-03-21 10:47:40 INFO [train] Processing slice file: dataset/data/mpd.slice.663000-663999.json
2026-03-21 10:47:41 INFO [train] Processing slice file: dataset/data/mpd.slice.539000-539999.json
2026-03-21 10:47:41 INFO [train] Processing slice file: dataset/data/mpd.slice.762000-762999.json
2026-03-21 10:47:41 INFO [train] Processing slice file: dataset/data/mpd.slice.15000-15999.json
2026-03-21 10:47:41 INFO [train] Processing slice file: dataset/data/mpd.slice.438000-438999.json
2026-03-21 10:47:42 INFO [train] Processing slice file: dataset/data/mpd.slice.553000-553999.json
2026-03-21 10:47:42 INFO [train] Processing slice file: dataset/data/mpd.slice.805000-805999.json
2026-03-21 10:47:42 INFO [train] Processing slice file: dataset/data/mpd.slice.255000-255999.json
2026-03-21 10:47:43 INFO [train] Processing slice file: dataset/data/mpd.slice.609000-609999.json
2026-03-21 10:47:43 INFO [train] Processing slice file: dataset/data/mpd.slice.731000-731999.json
2026-03-21 10:47:43 INFO [train] Processing slice file: dataset/data/mpd.slice.889000-889999.json
2026-03-21 10:47:43 INFO [train] Processing slice file: dataset/data/mpd.slice.685000-685999.json
2026-03-21 10:47:44 INFO [train] Processing slice file: dataset/data/mpd.slice.183000-183999.json
2026-03-21 10:47:44 INFO [train] Processing slice file: dataset/data/mpd.slice.206000-206999.json
2026-03-21 10:47:44 INFO [train] Processing slice file: dataset/data/mpd.slice.856000-856999.json
2026-03-21 10:47:44 INFO [train] Processing slice file: dataset/data/mpd.slice.500000-500999.json
2026-03-21 10:47:45 INFO [train] Processing slice file: dataset/data/mpd.slice.307000-307999.json
2026-03-21 10:47:45 INFO [train] Processing slice file: dataset/data/mpd.slice.957000-957999.json
2026-03-21 10:47:45 INFO [train] Processing slice file: dataset/data/mpd.slice.401000-401999.json
2026-03-21 10:47:45 INFO [train] Processing slice file: dataset/data/mpd.slice.630000-630999.json
2026-03-21 10:47:46 INFO [train] Processing slice file: dataset/data/mpd.slice.136000-136999.json
2026-03-21 10:47:46 INFO [train] Processing slice file: dataset/data/mpd.slice.988000-988999.json
2026-03-21 10:47:46 INFO [train] Processing slice file: dataset/data/mpd.slice.21000-21999.json
2026-03-21 10:47:47 INFO [train] Processing slice file: dataset/data/mpd.slice.784000-784999.json
2026-03-21 10:47:47 INFO [train] Processing slice file: dataset/data/mpd.slice.105000-105999.json
2026-03-21 10:47:47 INFO [train] Processing slice file: dataset/data/mpd.slice.603000-603999.json
2026-03-21 10:47:47 INFO [train] Processing slice file: dataset/data/mpd.slice.559000-559999.json
2026-03-21 10:47:48 INFO [train] Processing slice file: dataset/data/mpd.slice.964000-964999.json
2026-03-21 10:47:48 INFO [train] Processing slice file: dataset/data/mpd.slice.432000-432999.json
2026-03-21 10:47:48 INFO [train] Processing slice file: dataset/data/mpd.slice.334000-334999.json
2026-03-21 10:47:48 INFO [train] Processing slice file: dataset/data/mpd.slice.586000-586999.json
2026-03-21 10:47:49 INFO [train] Processing slice file: dataset/data/mpd.slice.768000-768999.json
2026-03-21 10:47:49 INFO [train] Processing slice file: dataset/data/mpd.slice.280000-280999.json
2026-03-21 10:47:49 INFO [train] Processing slice file: dataset/data/mpd.slice.865000-865999.json
2026-03-21 10:47:49 INFO [train] Processing slice file: dataset/data/mpd.slice.533000-533999.json
2026-03-21 10:47:50 INFO [train] Processing slice file: dataset/data/mpd.slice.235000-235999.json
2026-03-21 10:47:50 INFO [train] Processing slice file: dataset/data/mpd.slice.487000-487999.json
2026-03-21 10:47:50 INFO [train] Processing slice file: dataset/data/mpd.slice.669000-669999.json
2026-03-21 10:47:50 INFO [train] Processing slice file: dataset/data/mpd.slice.381000-381999.json
2026-03-21 10:47:51 INFO [train] Processing slice file: dataset/data/mpd.slice.702000-702999.json
2026-03-21 10:47:51 INFO [train] Processing slice file: dataset/data/mpd.slice.458000-458999.json
2026-03-21 10:47:51 INFO [train] Processing slice file: dataset/data/mpd.slice.857000-857999.json
2026-03-21 10:47:52 INFO [train] Processing slice file: dataset/data/mpd.slice.501000-501999.json
2026-03-21 10:47:52 INFO [train] Processing slice file: dataset/data/mpd.slice.207000-207999.json
2026-03-21 10:47:52 INFO [train] Processing slice file: dataset/data/mpd.slice.82000-82999.json
2026-03-21 10:47:52 INFO [train] Processing slice file: dataset/data/mpd.slice.888000-888999.json
2026-03-21 10:47:53 INFO [train] Processing slice file: dataset/data/mpd.slice.730000-730999.json
2026-03-21 10:47:53 INFO [train] Processing slice file: dataset/data/mpd.slice.182000-182999.json
2026-03-21 10:47:53 INFO [train] Processing slice file: dataset/data/mpd.slice.684000-684999.json
2026-03-21 10:47:53 INFO [train] Processing slice file: dataset/data/mpd.slice.989000-989999.json
2026-03-21 10:47:54 INFO [train] Processing slice file: dataset/data/mpd.slice.137000-137999.json
2026-03-21 10:47:54 INFO [train] Processing slice file: dataset/data/mpd.slice.631000-631999.json
2026-03-21 10:47:54 INFO [train] Processing slice file: dataset/data/mpd.slice.57000-57999.json
2026-03-21 10:47:55 INFO [train] Processing slice file: dataset/data/mpd.slice.785000-785999.json
2026-03-21 10:47:55 INFO [train] Processing slice file: dataset/data/mpd.slice.956000-956999.json
2026-03-21 10:47:55 INFO [train] Processing slice file: dataset/data/mpd.slice.400000-400999.json
2026-03-21 10:47:55 INFO [train] Processing slice file: dataset/data/mpd.slice.306000-306999.json
2026-03-21 10:47:56 INFO [train] Processing slice file: dataset/data/mpd.slice.98000-98999.json
2026-03-21 10:47:56 INFO [train] Processing slice file: dataset/data/mpd.slice.335000-335999.json
2026-03-21 10:47:56 INFO [train] Processing slice file: dataset/data/mpd.slice.965000-965999.json
2026-03-21 10:47:56 INFO [train] Processing slice file: dataset/data/mpd.slice.433000-433999.json
2026-03-21 10:47:57 INFO [train] Processing slice file: dataset/data/mpd.slice.73000-73999.json
2026-03-21 10:47:57 INFO [train] Processing slice file: dataset/data/mpd.slice.281000-281999.json
2026-03-21 10:47:57 INFO [train] Processing slice file: dataset/data/mpd.slice.769000-769999.json
2026-03-21 10:47:57 INFO [train] Processing slice file: dataset/data/mpd.slice.587000-587999.json
2026-03-21 10:47:58 INFO [train] Processing slice file: dataset/data/mpd.slice.602000-602999.json
2026-03-21 10:47:58 INFO [train] Processing slice file: dataset/data/mpd.slice.104000-104999.json
2026-03-21 10:47:58 INFO [train] Processing slice file: dataset/data/mpd.slice.558000-558999.json
2026-03-21 10:47:59 INFO [train] Processing slice file: dataset/data/mpd.slice.703000-703999.json
2026-03-21 10:47:59 INFO [train] Processing slice file: dataset/data/mpd.slice.459000-459999.json
2026-03-21 10:47:59 INFO [train] Processing slice file: dataset/data/mpd.slice.234000-234999.json
2026-03-21 10:47:59 INFO [train] Processing slice file: dataset/data/mpd.slice.864000-864999.json
2026-03-21 10:48:00 INFO [train] Processing slice file: dataset/data/mpd.slice.532000-532999.json
2026-03-21 10:48:00 INFO [train] Processing slice file: dataset/data/mpd.slice.380000-380999.json
2026-03-21 10:48:00 INFO [train] Processing slice file: dataset/data/mpd.slice.668000-668999.json
2026-03-21 10:48:00 INFO [train] Processing slice file: dataset/data/mpd.slice.69000-69999.json
2026-03-21 10:48:01 INFO [train] Processing slice file: dataset/data/mpd.slice.486000-486999.json
2026-03-21 10:48:01 INFO [train] Processing slice file: dataset/data/mpd.slice.759000-759999.json
2026-03-21 10:48:01 INFO [train] Processing slice file: dataset/data/mpd.slice.305000-305999.json
2026-03-21 10:48:02 INFO [train] Processing slice file: dataset/data/mpd.slice.403000-403999.json
2026-03-21 10:48:02 INFO [train] Processing slice file: dataset/data/mpd.slice.955000-955999.json
2026-03-21 10:48:02 INFO [train] Processing slice file: dataset/data/mpd.slice.76000-76999.json
2026-03-21 10:48:02 INFO [train] Processing slice file: dataset/data/mpd.slice.786000-786999.json
2026-03-21 10:48:03 INFO [train] Processing slice file: dataset/data/mpd.slice.568000-568999.json
2026-03-21 10:48:03 INFO [train] Processing slice file: dataset/data/mpd.slice.632000-632999.json
2026-03-21 10:48:03 INFO [train] Processing slice file: dataset/data/mpd.slice.134000-134999.json
2026-03-21 10:48:03 INFO [train] Processing slice file: dataset/data/mpd.slice.687000-687999.json
2026-03-21 10:48:04 INFO [train] Processing slice file: dataset/data/mpd.slice.181000-181999.json
2026-03-21 10:48:04 INFO [train] Processing slice file: dataset/data/mpd.slice.469000-469999.json
2026-03-21 10:48:04 INFO [train] Processing slice file: dataset/data/mpd.slice.733000-733999.json
2026-03-21 10:48:04 INFO [train] Processing slice file: dataset/data/mpd.slice.658000-658999.json
2026-03-21 10:48:05 INFO [train] Processing slice file: dataset/data/mpd.slice.204000-204999.json
2026-03-21 10:48:05 INFO [train] Processing slice file: dataset/data/mpd.slice.502000-502999.json
2026-03-21 10:48:05 INFO [train] Processing slice file: dataset/data/mpd.slice.854000-854999.json
2026-03-21 10:48:05 INFO [train] Processing slice file: dataset/data/mpd.slice.485000-485999.json
2026-03-21 10:48:06 INFO [train] Processing slice file: dataset/data/mpd.slice.383000-383999.json
2026-03-21 10:48:06 INFO [train] Processing slice file: dataset/data/mpd.slice.87000-87999.json
2026-03-21 10:48:06 INFO [train] Processing slice file: dataset/data/mpd.slice.531000-531999.json
2026-03-21 10:48:07 INFO [train] Processing slice file: dataset/data/mpd.slice.867000-867999.json
2026-03-21 10:48:07 INFO [train] Processing slice file: dataset/data/mpd.slice.237000-237999.json
2026-03-21 10:48:07 INFO [train] Processing slice file: dataset/data/mpd.slice.48000-48999.json
2026-03-21 10:48:07 INFO [train] Processing slice file: dataset/data/mpd.slice.700000-700999.json
2026-03-21 10:48:08 INFO [train] Processing slice file: dataset/data/mpd.slice.107000-107999.json
2026-03-21 10:48:08 INFO [train] Processing slice file: dataset/data/mpd.slice.601000-601999.json
2026-03-21 10:48:08 INFO [train] Processing slice file: dataset/data/mpd.slice.52000-52999.json
2026-03-21 10:48:08 INFO [train] Processing slice file: dataset/data/mpd.slice.584000-584999.json
2026-03-21 10:48:09 INFO [train] Processing slice file: dataset/data/mpd.slice.282000-282999.json
2026-03-21 10:48:09 INFO [train] Processing slice file: dataset/data/mpd.slice.430000-430999.json
2026-03-21 10:48:09 INFO [train] Processing slice file: dataset/data/mpd.slice.966000-966999.json
2026-03-21 10:48:09 INFO [train] Processing slice file: dataset/data/mpd.slice.336000-336999.json
2026-03-21 10:48:10 INFO [train] Processing slice file: dataset/data/mpd.slice.569000-569999.json
2026-03-21 10:48:10 INFO [train] Processing slice file: dataset/data/mpd.slice.787000-787999.json
2026-03-21 10:48:10 INFO [train] Processing slice file: dataset/data/mpd.slice.135000-135999.json
2026-03-21 10:48:11 INFO [train] Processing slice file: dataset/data/mpd.slice.633000-633999.json
2026-03-21 10:48:11 INFO [train] Processing slice file: dataset/data/mpd.slice.758000-758999.json
2026-03-21 10:48:11 INFO [train] Processing slice file: dataset/data/mpd.slice.402000-402999.json
2026-03-21 10:48:11 INFO [train] Processing slice file: dataset/data/mpd.slice.954000-954999.json
2026-03-21 10:48:12 INFO [train] Processing slice file: dataset/data/mpd.slice.304000-304999.json
2026-03-21 10:48:12 INFO [train] Processing slice file: dataset/data/mpd.slice.659000-659999.json
2026-03-21 10:48:12 INFO [train] Processing slice file: dataset/data/mpd.slice.503000-503999.json
2026-03-21 10:48:12 INFO [train] Processing slice file: dataset/data/mpd.slice.855000-855999.json
2026-03-21 10:48:13 INFO [train] Processing slice file: dataset/data/mpd.slice.205000-205999.json
2026-03-21 10:48:13 INFO [train] Processing slice file: dataset/data/mpd.slice.468000-468999.json
2026-03-21 10:48:13 INFO [train] Processing slice file: dataset/data/mpd.slice.180000-180999.json
2026-03-21 10:48:14 INFO [train] Processing slice file: dataset/data/mpd.slice.686000-686999.json
2026-03-21 10:48:14 INFO [train] Processing slice file: dataset/data/mpd.slice.732000-732999.json
2026-03-21 10:48:14 INFO [train] Processing slice file: dataset/data/mpd.slice.701000-701999.json
2026-03-21 10:48:14 INFO [train] Processing slice file: dataset/data/mpd.slice.382000-382999.json
2026-03-21 10:48:15 INFO [train] Processing slice file: dataset/data/mpd.slice.484000-484999.json
2026-03-21 10:48:15 INFO [train] Processing slice file: dataset/data/mpd.slice.236000-236999.json
2026-03-21 10:48:15 INFO [train] Processing slice file: dataset/data/mpd.slice.530000-530999.json
2026-03-21 10:48:15 INFO [train] Processing slice file: dataset/data/mpd.slice.866000-866999.json
2026-03-21 10:48:16 INFO [train] Processing slice file: dataset/data/mpd.slice.283000-283999.json
2026-03-21 10:48:16 INFO [train] Processing slice file: dataset/data/mpd.slice.585000-585999.json
2026-03-21 10:48:16 INFO [train] Processing slice file: dataset/data/mpd.slice.337000-337999.json
2026-03-21 10:48:17 INFO [train] Processing slice file: dataset/data/mpd.slice.431000-431999.json
2026-03-21 10:48:17 INFO [train] Processing slice file: dataset/data/mpd.slice.967000-967999.json
2026-03-21 10:48:17 INFO [train] Processing slice file: dataset/data/mpd.slice.600000-600999.json
2026-03-21 10:48:17 INFO [train] Processing slice file: dataset/data/mpd.slice.24000-24999.json
2026-03-21 10:48:18 INFO [train] Processing slice file: dataset/data/mpd.slice.106000-106999.json
2026-03-21 10:48:18 INFO [train] Processing slice file: dataset/data/mpd.slice.941000-941999.json
2026-03-21 10:48:18 INFO [train] Processing slice file: dataset/data/mpd.slice.417000-417999.json
2026-03-21 10:48:18 INFO [train] Processing slice file: dataset/data/mpd.slice.311000-311999.json
2026-03-21 10:48:19 INFO [train] Processing slice file: dataset/data/mpd.slice.5000-5999.json
2026-03-21 10:48:19 INFO [train] Processing slice file: dataset/data/mpd.slice.792000-792999.json
2026-03-21 10:48:19 INFO [train] Processing slice file: dataset/data/mpd.slice.120000-120999.json
2026-03-21 10:48:20 INFO [train] Processing slice file: dataset/data/mpd.slice.626000-626999.json
2026-03-21 10:48:20 INFO [train] Processing slice file: dataset/data/mpd.slice.195000-195999.json
2026-03-21 10:48:20 INFO [train] Processing slice file: dataset/data/mpd.slice.14000-14999.json
2026-03-21 10:48:20 INFO [train] Processing slice file: dataset/data/mpd.slice.693000-693999.json
2026-03-21 10:48:21 INFO [train] Processing slice file: dataset/data/mpd.slice.727000-727999.json
2026-03-21 10:48:21 INFO [train] Processing slice file: dataset/data/mpd.slice.840000-840999.json
2026-03-21 10:48:21 INFO [train] Processing slice file: dataset/data/mpd.slice.516000-516999.json
2026-03-21 10:48:21 INFO [train] Processing slice file: dataset/data/mpd.slice.210000-210999.json
2026-03-21 10:48:22 INFO [train] Processing slice file: dataset/data/mpd.slice.30000-30999.json
2026-03-21 10:48:22 INFO [train] Processing slice file: dataset/data/mpd.slice.397000-397999.json
2026-03-21 10:48:22 INFO [train] Processing slice file: dataset/data/mpd.slice.491000-491999.json
2026-03-21 10:48:23 INFO [train] Processing slice file: dataset/data/mpd.slice.179000-179999.json
2026-03-21 10:48:23 INFO [train] Processing slice file: dataset/data/mpd.slice.223000-223999.json
2026-03-21 10:48:23 INFO [train] Processing slice file: dataset/data/mpd.slice.873000-873999.json
2026-03-21 10:48:23 INFO [train] Processing slice file: dataset/data/mpd.slice.525000-525999.json
2026-03-21 10:48:24 INFO [train] Processing slice file: dataset/data/mpd.slice.348000-348999.json
2026-03-21 10:48:24 INFO [train] Processing slice file: dataset/data/mpd.slice.1000-1999.json
2026-03-21 10:48:24 INFO [train] Processing slice file: dataset/data/mpd.slice.918000-918999.json
2026-03-21 10:48:24 INFO [train] Processing slice file: dataset/data/mpd.slice.714000-714999.json
2026-03-21 10:48:25 INFO [train] Processing slice file: dataset/data/mpd.slice.249000-249999.json
2026-03-21 10:48:25 INFO [train] Processing slice file: dataset/data/mpd.slice.819000-819999.json
2026-03-21 10:48:25 INFO [train] Processing slice file: dataset/data/mpd.slice.615000-615999.json
2026-03-21 10:48:26 INFO [train] Processing slice file: dataset/data/mpd.slice.113000-113999.json
2026-03-21 10:48:26 INFO [train] Processing slice file: dataset/data/mpd.slice.296000-296999.json
2026-03-21 10:48:26 INFO [train] Processing slice file: dataset/data/mpd.slice.590000-590999.json
2026-03-21 10:48:26 INFO [train] Processing slice file: dataset/data/mpd.slice.322000-322999.json
2026-03-21 10:48:27 INFO [train] Processing slice file: dataset/data/mpd.slice.972000-972999.json
2026-03-21 10:48:27 INFO [train] Processing slice file: dataset/data/mpd.slice.424000-424999.json
2026-03-21 10:48:27 INFO [train] Processing slice file: dataset/data/mpd.slice.793000-793999.json
2026-03-21 10:48:27 INFO [train] Processing slice file: dataset/data/mpd.slice.78000-78999.json
2026-03-21 10:48:28 INFO [train] Processing slice file: dataset/data/mpd.slice.627000-627999.json
2026-03-21 10:48:28 INFO [train] Processing slice file: dataset/data/mpd.slice.121000-121999.json
2026-03-21 10:48:28 INFO [train] Processing slice file: dataset/data/mpd.slice.310000-310999.json
2026-03-21 10:48:28 INFO [train] Processing slice file: dataset/data/mpd.slice.940000-940999.json
2026-03-21 10:48:29 INFO [train] Processing slice file: dataset/data/mpd.slice.416000-416999.json
2026-03-21 10:48:29 INFO [train] Processing slice file: dataset/data/mpd.slice.211000-211999.json
2026-03-21 10:48:29 INFO [train] Processing slice file: dataset/data/mpd.slice.841000-841999.json
2026-03-21 10:48:30 INFO [train] Processing slice file: dataset/data/mpd.slice.517000-517999.json
2026-03-21 10:48:30 INFO [train] Processing slice file: dataset/data/mpd.slice.692000-692999.json
2026-03-21 10:48:30 INFO [train] Processing slice file: dataset/data/mpd.slice.62000-62999.json
2026-03-21 10:48:30 INFO [train] Processing slice file: dataset/data/mpd.slice.194000-194999.json
2026-03-21 10:48:31 INFO [train] Processing slice file: dataset/data/mpd.slice.726000-726999.json
2026-03-21 10:48:31 INFO [train] Processing slice file: dataset/data/mpd.slice.919000-919999.json
2026-03-21 10:48:31 INFO [train] Processing slice file: dataset/data/mpd.slice.89000-89999.json
2026-03-21 10:48:31 INFO [train] Processing slice file: dataset/data/mpd.slice.349000-349999.json
2026-03-21 10:48:32 INFO [train] Processing slice file: dataset/data/mpd.slice.715000-715999.json
2026-03-21 10:48:32 INFO [train] Processing slice file: dataset/data/mpd.slice.178000-178999.json
2026-03-21 10:48:32 INFO [train] Processing slice file: dataset/data/mpd.slice.490000-490999.json
2026-03-21 10:48:33 INFO [train] Processing slice file: dataset/data/mpd.slice.46000-46999.json
2026-03-21 10:48:33 INFO [train] Processing slice file: dataset/data/mpd.slice.396000-396999.json
2026-03-21 10:48:33 INFO [train] Processing slice file: dataset/data/mpd.slice.872000-872999.json
2026-03-21 10:48:33 INFO [train] Processing slice file: dataset/data/mpd.slice.524000-524999.json
2026-03-21 10:48:34 INFO [train] Processing slice file: dataset/data/mpd.slice.222000-222999.json
2026-03-21 10:48:34 INFO [train] Processing slice file: dataset/data/mpd.slice.591000-591999.json
2026-03-21 10:48:34 INFO [train] Processing slice file: dataset/data/mpd.slice.297000-297999.json
2026-03-21 10:48:34 INFO [train] Processing slice file: dataset/data/mpd.slice.973000-973999.json
2026-03-21 10:48:35 INFO [train] Processing slice file: dataset/data/mpd.slice.425000-425999.json
2026-03-21 10:48:35 INFO [train] Processing slice file: dataset/data/mpd.slice.323000-323999.json
2026-03-21 10:48:35 INFO [train] Processing slice file: dataset/data/mpd.slice.818000-818999.json
2026-03-21 10:48:35 INFO [train] Processing slice file: dataset/data/mpd.slice.93000-93999.json
2026-03-21 10:48:36 INFO [train] Processing slice file: dataset/data/mpd.slice.248000-248999.json
2026-03-21 10:48:36 INFO [train] Processing slice file: dataset/data/mpd.slice.112000-112999.json
2026-03-21 10:48:36 INFO [train] Processing slice file: dataset/data/mpd.slice.614000-614999.json
2026-03-21 10:48:37 INFO [train] Processing slice file: dataset/data/mpd.slice.725000-725999.json
2026-03-21 10:48:37 INFO [train] Processing slice file: dataset/data/mpd.slice.929000-929999.json
2026-03-21 10:48:37 INFO [train] Processing slice file: dataset/data/mpd.slice.197000-197999.json
2026-03-21 10:48:37 INFO [train] Processing slice file: dataset/data/mpd.slice.379000-379999.json
2026-03-21 10:48:38 INFO [train] Processing slice file: dataset/data/mpd.slice.691000-691999.json
2026-03-21 10:48:38 INFO [train] Processing slice file: dataset/data/mpd.slice.514000-514999.json
2026-03-21 10:48:38 INFO [train] Processing slice file: dataset/data/mpd.slice.842000-842999.json
2026-03-21 10:48:38 INFO [train] Processing slice file: dataset/data/mpd.slice.212000-212999.json
2026-03-21 10:48:39 INFO [train] Processing slice file: dataset/data/mpd.slice.43000-43999.json
2026-03-21 10:48:39 INFO [train] Processing slice file: dataset/data/mpd.slice.148000-148999.json
2026-03-21 10:48:39 INFO [train] Processing slice file: dataset/data/mpd.slice.415000-415999.json
2026-03-21 10:48:40 INFO [train] Processing slice file: dataset/data/mpd.slice.943000-943999.json
2026-03-21 10:48:40 INFO [train] Processing slice file: dataset/data/mpd.slice.59000-59999.json
2026-03-21 10:48:40 INFO [train] Processing slice file: dataset/data/mpd.slice.313000-313999.json
2026-03-21 10:48:40 INFO [train] Processing slice file: dataset/data/mpd.slice.96000-96999.json
2026-03-21 10:48:41 INFO [train] Processing slice file: dataset/data/mpd.slice.122000-122999.json
2026-03-21 10:48:41 INFO [train] Processing slice file: dataset/data/mpd.slice.624000-624999.json
2026-03-21 10:48:41 INFO [train] Processing slice file: dataset/data/mpd.slice.828000-828999.json
2026-03-21 10:48:41 INFO [train] Processing slice file: dataset/data/mpd.slice.278000-278999.json
2026-03-21 10:48:42 INFO [train] Processing slice file: dataset/data/mpd.slice.790000-790999.json
2026-03-21 10:48:42 INFO [train] Processing slice file: dataset/data/mpd.slice.617000-617999.json
2026-03-21 10:48:42 INFO [train] Processing slice file: dataset/data/mpd.slice.111000-111999.json
2026-03-21 10:48:42 INFO [train] Processing slice file: dataset/data/mpd.slice.320000-320999.json
2026-03-21 10:48:43 INFO [train] Processing slice file: dataset/data/mpd.slice.426000-426999.json
2026-03-21 10:48:43 INFO [train] Processing slice file: dataset/data/mpd.slice.970000-970999.json
2026-03-21 10:48:43 INFO [train] Processing slice file: dataset/data/mpd.slice.294000-294999.json
2026-03-21 10:48:44 INFO [train] Processing slice file: dataset/data/mpd.slice.592000-592999.json
2026-03-21 10:48:44 INFO [train] Processing slice file: dataset/data/mpd.slice.221000-221999.json
2026-03-21 10:48:44 INFO [train] Processing slice file: dataset/data/mpd.slice.527000-527999.json
2026-03-21 10:48:44 INFO [train] Processing slice file: dataset/data/mpd.slice.871000-871999.json
2026-03-21 10:48:45 INFO [train] Processing slice file: dataset/data/mpd.slice.395000-395999.json
2026-03-21 10:48:45 INFO [train] Processing slice file: dataset/data/mpd.slice.493000-493999.json
2026-03-21 10:48:45 INFO [train] Processing slice file: dataset/data/mpd.slice.716000-716999.json
2026-03-21 10:48:45 INFO [train] Processing slice file: dataset/data/mpd.slice.67000-67999.json
2026-03-21 10:48:46 INFO [train] Processing slice file: dataset/data/mpd.slice.213000-213999.json
2026-03-21 10:48:46 INFO [train] Processing slice file: dataset/data/mpd.slice.35000-35999.json
2026-03-21 10:48:46 INFO [train] Processing slice file: dataset/data/mpd.slice.515000-515999.json
2026-03-21 10:48:46 INFO [train] Processing slice file: dataset/data/mpd.slice.843000-843999.json
2026-03-21 10:48:47 INFO [train] Processing slice file: dataset/data/mpd.slice.149000-149999.json
2026-03-21 10:48:47 INFO [train] Processing slice file: dataset/data/mpd.slice.724000-724999.json
2026-03-21 10:48:47 INFO [train] Processing slice file: dataset/data/mpd.slice.4000-4999.json
2026-03-21 10:48:48 INFO [train] Processing slice file: dataset/data/mpd.slice.690000-690999.json
2026-03-21 10:48:48 INFO [train] Processing slice file: dataset/data/mpd.slice.378000-378999.json
2026-03-21 10:48:48 INFO [train] Processing slice file: dataset/data/mpd.slice.196000-196999.json
2026-03-21 10:48:48 INFO [train] Processing slice file: dataset/data/mpd.slice.928000-928999.json
2026-03-21 10:48:49 INFO [train] Processing slice file: dataset/data/mpd.slice.625000-625999.json
2026-03-21 10:48:49 INFO [train] Processing slice file: dataset/data/mpd.slice.123000-123999.json
2026-03-21 10:48:49 INFO [train] Processing slice file: dataset/data/mpd.slice.791000-791999.json
2026-03-21 10:48:49 INFO [train] Processing slice file: dataset/data/mpd.slice.279000-279999.json
2026-03-21 10:48:50 INFO [train] Processing slice file: dataset/data/mpd.slice.829000-829999.json
2026-03-21 10:48:50 INFO [train] Processing slice file: dataset/data/mpd.slice.312000-312999.json
2026-03-21 10:48:50 INFO [train] Processing slice file: dataset/data/mpd.slice.414000-414999.json
2026-03-21 10:48:50 INFO [train] Processing slice file: dataset/data/mpd.slice.942000-942999.json
2026-03-21 10:48:51 INFO [train] Processing slice file: dataset/data/mpd.slice.427000-427999.json
2026-03-21 10:48:51 INFO [train] Processing slice file: dataset/data/mpd.slice.971000-971999.json
2026-03-21 10:48:51 INFO [train] Processing slice file: dataset/data/mpd.slice.321000-321999.json
2026-03-21 10:48:52 INFO [train] Processing slice file: dataset/data/mpd.slice.593000-593999.json
2026-03-21 10:48:52 INFO [train] Processing slice file: dataset/data/mpd.slice.295000-295999.json
2026-03-21 10:48:52 INFO [train] Processing slice file: dataset/data/mpd.slice.110000-110999.json
2026-03-21 10:48:52 INFO [train] Processing slice file: dataset/data/mpd.slice.616000-616999.json
2026-03-21 10:48:53 INFO [train] Processing slice file: dataset/data/mpd.slice.11000-11999.json
2026-03-21 10:48:53 INFO [train] Processing slice file: dataset/data/mpd.slice.717000-717999.json
2026-03-21 10:48:53 INFO [train] Processing slice file: dataset/data/mpd.slice.526000-526999.json
2026-03-21 10:48:53 INFO [train] Processing slice file: dataset/data/mpd.slice.870000-870999.json
2026-03-21 10:48:54 INFO [train] Processing slice file: dataset/data/mpd.slice.220000-220999.json
2026-03-21 10:48:54 INFO [train] Processing slice file: dataset/data/mpd.slice.492000-492999.json
2026-03-21 10:48:54 INFO [train] Processing slice file: dataset/data/mpd.slice.394000-394999.json
2026-03-21 10:48:54 INFO [train] Processing slice file: dataset/data/mpd.slice.744000-744999.json
2026-03-21 10:48:55 INFO [train] Processing slice file: dataset/data/mpd.slice.318000-318999.json
2026-03-21 10:48:55 INFO [train] Processing slice file: dataset/data/mpd.slice.948000-948999.json
2026-03-21 10:48:55 INFO [train] Processing slice file: dataset/data/mpd.slice.273000-273999.json
2026-03-21 10:48:56 INFO [train] Processing slice file: dataset/data/mpd.slice.823000-823999.json
2026-03-21 10:48:56 INFO [train] Processing slice file: dataset/data/mpd.slice.575000-575999.json
2026-03-21 10:48:56 INFO [train] Processing slice file: dataset/data/mpd.slice.129000-129999.json
2026-03-21 10:48:56 INFO [train] Processing slice file: dataset/data/mpd.slice.997000-997999.json
2026-03-21 10:48:57 INFO [train] Processing slice file: dataset/data/mpd.slice.372000-372999.json
2026-03-21 10:48:57 INFO [train] Processing slice file: dataset/data/mpd.slice.922000-922999.json
2026-03-21 10:48:57 INFO [train] Processing slice file: dataset/data/mpd.slice.474000-474999.json
2026-03-21 10:48:58 INFO [train] Processing slice file: dataset/data/mpd.slice.896000-896999.json
2026-03-21 10:48:58 INFO [train] Processing slice file: dataset/data/mpd.slice.645000-645999.json
2026-03-21 10:48:58 INFO [train] Processing slice file: dataset/data/mpd.slice.143000-143999.json
2026-03-21 10:48:58 INFO [train] Processing slice file: dataset/data/mpd.slice.219000-219999.json
2026-03-21 10:48:59 INFO [train] Processing slice file: dataset/data/mpd.slice.25000-25999.json
2026-03-21 10:48:59 INFO [train] Processing slice file: dataset/data/mpd.slice.849000-849999.json
2026-03-21 10:48:59 INFO [train] Processing slice file: dataset/data/mpd.slice.170000-170999.json
2026-03-21 10:49:00 INFO [train] Processing slice file: dataset/data/mpd.slice.498000-498999.json
2026-03-21 10:49:00 INFO [train] Processing slice file: dataset/data/mpd.slice.676000-676999.json
2026-03-21 10:49:00 INFO [train] Processing slice file: dataset/data/mpd.slice.911000-911999.json
2026-03-21 10:49:00 INFO [train] Processing slice file: dataset/data/mpd.slice.447000-447999.json
2026-03-21 10:49:01 INFO [train] Processing slice file: dataset/data/mpd.slice.341000-341999.json
2026-03-21 10:49:01 INFO [train] Processing slice file: dataset/data/mpd.slice.810000-810999.json
2026-03-21 10:49:01 INFO [train] Processing slice file: dataset/data/mpd.slice.546000-546999.json
2026-03-21 10:49:01 INFO [train] Processing slice file: dataset/data/mpd.slice.240000-240999.json
2026-03-21 10:49:02 INFO [train] Processing slice file: dataset/data/mpd.slice.599000-599999.json
2026-03-21 10:49:02 INFO [train] Processing slice file: dataset/data/mpd.slice.777000-777999.json
2026-03-21 10:49:02 INFO [train] Processing slice file: dataset/data/mpd.slice.822000-822999.json
2026-03-21 10:49:03 INFO [train] Processing slice file: dataset/data/mpd.slice.574000-574999.json
2026-03-21 10:49:03 INFO [train] Processing slice file: dataset/data/mpd.slice.272000-272999.json
2026-03-21 10:49:03 INFO [train] Processing slice file: dataset/data/mpd.slice.996000-996999.json
2026-03-21 10:49:03 INFO [train] Processing slice file: dataset/data/mpd.slice.128000-128999.json
2026-03-21 10:49:04 INFO [train] Processing slice file: dataset/data/mpd.slice.86000-86999.json
2026-03-21 10:49:04 INFO [train] Processing slice file: dataset/data/mpd.slice.745000-745999.json
2026-03-21 10:49:04 INFO [train] Processing slice file: dataset/data/mpd.slice.949000-949999.json
2026-03-21 10:49:05 INFO [train] Processing slice file: dataset/data/mpd.slice.319000-319999.json
2026-03-21 10:49:05 INFO [train] Processing slice file: dataset/data/mpd.slice.49000-49999.json
2026-03-21 10:49:05 INFO [train] Processing slice file: dataset/data/mpd.slice.142000-142999.json
2026-03-21 10:49:05 INFO [train] Processing slice file: dataset/data/mpd.slice.644000-644999.json
2026-03-21 10:49:06 INFO [train] Processing slice file: dataset/data/mpd.slice.53000-53999.json
2026-03-21 10:49:06 INFO [train] Processing slice file: dataset/data/mpd.slice.848000-848999.json
2026-03-21 10:49:06 INFO [train] Processing slice file: dataset/data/mpd.slice.218000-218999.json
2026-03-21 10:49:07 INFO [train] Processing slice file: dataset/data/mpd.slice.923000-923999.json
2026-03-21 10:49:07 INFO [train] Processing slice file: dataset/data/mpd.slice.475000-475999.json
2026-03-21 10:49:07 INFO [train] Processing slice file: dataset/data/mpd.slice.373000-373999.json
2026-03-21 10:49:07 INFO [train] Processing slice file: dataset/data/mpd.slice.897000-897999.json
2026-03-21 10:49:08 INFO [train] Processing slice file: dataset/data/mpd.slice.340000-340999.json
2026-03-21 10:49:08 INFO [train] Processing slice file: dataset/data/mpd.slice.910000-910999.json
2026-03-21 10:49:08 INFO [train] Processing slice file: dataset/data/mpd.slice.446000-446999.json
2026-03-21 10:49:08 INFO [train] Processing slice file: dataset/data/mpd.slice.77000-77999.json
2026-03-21 10:49:09 INFO [train] Processing slice file: dataset/data/mpd.slice.677000-677999.json
2026-03-21 10:49:09 INFO [train] Processing slice file: dataset/data/mpd.slice.499000-499999.json
2026-03-21 10:49:09 INFO [train] Processing slice file: dataset/data/mpd.slice.171000-171999.json
2026-03-21 10:49:09 INFO [train] Processing slice file: dataset/data/mpd.slice.776000-776999.json
2026-03-21 10:49:10 INFO [train] Processing slice file: dataset/data/mpd.slice.598000-598999.json
2026-03-21 10:49:10 INFO [train] Processing slice file: dataset/data/mpd.slice.241000-241999.json
2026-03-21 10:49:10 INFO [train] Processing slice file: dataset/data/mpd.slice.811000-811999.json
2026-03-21 10:49:11 INFO [train] Processing slice file: dataset/data/mpd.slice.547000-547999.json
2026-03-21 10:49:11 INFO [train] Processing slice file: dataset/data/mpd.slice.894000-894999.json
2026-03-21 10:49:11 INFO [train] Processing slice file: dataset/data/mpd.slice.698000-698999.json
2026-03-21 10:49:11 INFO [train] Processing slice file: dataset/data/mpd.slice.370000-370999.json
2026-03-21 10:49:12 INFO [train] Processing slice file: dataset/data/mpd.slice.476000-476999.json
2026-03-21 10:49:12 INFO [train] Processing slice file: dataset/data/mpd.slice.920000-920999.json
2026-03-21 10:49:12 INFO [train] Processing slice file: dataset/data/mpd.slice.72000-72999.json
2026-03-21 10:49:12 INFO [train] Processing slice file: dataset/data/mpd.slice.647000-647999.json
2026-03-21 10:49:13 INFO [train] Processing slice file: dataset/data/mpd.slice.141000-141999.json
2026-03-21 10:49:13 INFO [train] Processing slice file: dataset/data/mpd.slice.746000-746999.json
2026-03-21 10:49:13 INFO [train] Processing slice file: dataset/data/mpd.slice.995000-995999.json
2026-03-21 10:49:14 INFO [train] Processing slice file: dataset/data/mpd.slice.799000-799999.json
2026-03-21 10:49:14 INFO [train] Processing slice file: dataset/data/mpd.slice.271000-271999.json
2026-03-21 10:49:14 INFO [train] Processing slice file: dataset/data/mpd.slice.68000-68999.json
2026-03-21 10:49:14 INFO [train] Processing slice file: dataset/data/mpd.slice.577000-577999.json
2026-03-21 10:49:15 INFO [train] Processing slice file: dataset/data/mpd.slice.821000-821999.json
2026-03-21 10:49:15 INFO [train] Processing slice file: dataset/data/mpd.slice.118000-118999.json
2026-03-21 10:49:15 INFO [train] Processing slice file: dataset/data/mpd.slice.83000-83999.json
2026-03-21 10:49:16 INFO [train] Processing slice file: dataset/data/mpd.slice.544000-544999.json
2026-03-21 10:49:16 INFO [train] Processing slice file: dataset/data/mpd.slice.812000-812999.json
2026-03-21 10:49:16 INFO [train] Processing slice file: dataset/data/mpd.slice.242000-242999.json
2026-03-21 10:49:17 INFO [train] Processing slice file: dataset/data/mpd.slice.979000-979999.json
2026-03-21 10:49:17 INFO [train] Processing slice file: dataset/data/mpd.slice.329000-329999.json
2026-03-21 10:49:17 INFO [train] Processing slice file: dataset/data/mpd.slice.775000-775999.json
2026-03-21 10:49:17 INFO [train] Processing slice file: dataset/data/mpd.slice.878000-878999.json
2026-03-21 10:49:18 INFO [train] Processing slice file: dataset/data/mpd.slice.228000-228999.json
2026-03-21 10:49:18 INFO [train] Processing slice file: dataset/data/mpd.slice.172000-172999.json
2026-03-21 10:49:18 INFO [train] Processing slice file: dataset/data/mpd.slice.56000-56999.json
2026-03-21 10:49:19 INFO [train] Processing slice file: dataset/data/mpd.slice.674000-674999.json
2026-03-21 10:49:19 INFO [train] Processing slice file: dataset/data/mpd.slice.445000-445999.json
2026-03-21 10:49:19 INFO [train] Processing slice file: dataset/data/mpd.slice.913000-913999.json
2026-03-21 10:49:19 INFO [train] Processing slice file: dataset/data/mpd.slice.99000-99999.json
2026-03-21 10:49:20 INFO [train] Processing slice file: dataset/data/mpd.slice.343000-343999.json
2026-03-21 10:49:20 INFO [train] Processing slice file: dataset/data/mpd.slice.140000-140999.json
2026-03-21 10:49:20 INFO [train] Processing slice file: dataset/data/mpd.slice.646000-646999.json
2026-03-21 10:49:21 INFO [train] Processing slice file: dataset/data/mpd.slice.895000-895999.json
2026-03-21 10:49:21 INFO [train] Processing slice file: dataset/data/mpd.slice.477000-477999.json
2026-03-21 10:49:21 INFO [train] Processing slice file: dataset/data/mpd.slice.921000-921999.json
2026-03-21 10:49:22 INFO [train] Processing slice file: dataset/data/mpd.slice.371000-371999.json
2026-03-21 10:49:22 INFO [train] Processing slice file: dataset/data/mpd.slice.699000-699999.json
2026-03-21 10:49:22 INFO [train] Processing slice file: dataset/data/mpd.slice.994000-994999.json
2026-03-21 10:49:22 INFO [train] Processing slice file: dataset/data/mpd.slice.576000-576999.json
2026-03-21 10:49:23 INFO [train] Processing slice file: dataset/data/mpd.slice.820000-820999.json
2026-03-21 10:49:23 INFO [train] Processing slice file: dataset/data/mpd.slice.270000-270999.json
2026-03-21 10:49:23 INFO [train] Processing slice file: dataset/data/mpd.slice.798000-798999.json
2026-03-21 10:49:24 INFO [train] Processing slice file: dataset/data/mpd.slice.747000-747999.json
2026-03-21 10:49:24 INFO [train] Processing slice file: dataset/data/mpd.slice.328000-328999.json
2026-03-21 10:49:24 INFO [train] Processing slice file: dataset/data/mpd.slice.978000-978999.json
2026-03-21 10:49:24 INFO [train] Processing slice file: dataset/data/mpd.slice.774000-774999.json
2026-03-21 10:49:25 INFO [train] Processing slice file: dataset/data/mpd.slice.119000-119999.json
2026-03-21 10:49:25 INFO [train] Processing slice file: dataset/data/mpd.slice.243000-243999.json
2026-03-21 10:49:25 INFO [train] Processing slice file: dataset/data/mpd.slice.545000-545999.json
2026-03-21 10:49:26 INFO [train] Processing slice file: dataset/data/mpd.slice.813000-813999.json
2026-03-21 10:49:26 INFO [train] Processing slice file: dataset/data/mpd.slice.342000-342999.json
2026-03-21 10:49:26 INFO [train] Processing slice file: dataset/data/mpd.slice.444000-444999.json
2026-03-21 10:49:26 INFO [train] Processing slice file: dataset/data/mpd.slice.912000-912999.json
2026-03-21 10:49:27 INFO [train] Processing slice file: dataset/data/mpd.slice.229000-229999.json
2026-03-21 10:49:27 INFO [train] Processing slice file: dataset/data/mpd.slice.879000-879999.json
2026-03-21 10:49:27 INFO [train] Processing slice file: dataset/data/mpd.slice.675000-675999.json
2026-03-21 10:49:28 INFO [train] Processing slice file: dataset/data/mpd.slice.173000-173999.json
2026-03-21 10:49:28 INFO [train] Processing slice file: dataset/data/mpd.slice.20000-20999.json
2026-03-21 10:49:28 INFO [train] Processing slice file: dataset/data/mpd.slice.666000-666999.json
2026-03-21 10:49:29 INFO [train] Processing slice file: dataset/data/mpd.slice.160000-160999.json
2026-03-21 10:49:29 INFO [train] Processing slice file: dataset/data/mpd.slice.488000-488999.json
2026-03-21 10:49:29 INFO [train] Processing slice file: dataset/data/mpd.slice.351000-351999.json
2026-03-21 10:49:29 INFO [train] Processing slice file: dataset/data/mpd.slice.457000-457999.json
2026-03-21 10:49:30 INFO [train] Processing slice file: dataset/data/mpd.slice.901000-901999.json
2026-03-21 10:49:30 INFO [train] Processing slice file: dataset/data/mpd.slice.18000-18999.json
2026-03-21 10:49:30 INFO [train] Processing slice file: dataset/data/mpd.slice.250000-250999.json
2026-03-21 10:49:30 INFO [train] Processing slice file: dataset/data/mpd.slice.556000-556999.json
2026-03-21 10:49:31 INFO [train] Processing slice file: dataset/data/mpd.slice.800000-800999.json
2026-03-21 10:49:31 INFO [train] Processing slice file: dataset/data/mpd.slice.767000-767999.json
2026-03-21 10:49:31 INFO [train] Processing slice file: dataset/data/mpd.slice.589000-589999.json
2026-03-21 10:49:31 INFO [train] Processing slice file: dataset/data/mpd.slice.958000-958999.json
2026-03-21 10:49:32 INFO [train] Processing slice file: dataset/data/mpd.slice.308000-308999.json
2026-03-21 10:49:32 INFO [train] Processing slice file: dataset/data/mpd.slice.754000-754999.json
2026-03-21 10:49:32 INFO [train] Processing slice file: dataset/data/mpd.slice.139000-139999.json
2026-03-21 10:49:33 INFO [train] Processing slice file: dataset/data/mpd.slice.987000-987999.json
2026-03-21 10:49:33 INFO [train] Processing slice file: dataset/data/mpd.slice.565000-565999.json
2026-03-21 10:49:33 INFO [train] Processing slice file: dataset/data/mpd.slice.833000-833999.json
2026-03-21 10:49:33 INFO [train] Processing slice file: dataset/data/mpd.slice.263000-263999.json
2026-03-21 10:49:34 INFO [train] Processing slice file: dataset/data/mpd.slice.886000-886999.json
2026-03-21 10:49:34 INFO [train] Processing slice file: dataset/data/mpd.slice.464000-464999.json
2026-03-21 10:49:34 INFO [train] Processing slice file: dataset/data/mpd.slice.932000-932999.json
2026-03-21 10:49:34 INFO [train] Processing slice file: dataset/data/mpd.slice.362000-362999.json
2026-03-21 10:49:35 INFO [train] Processing slice file: dataset/data/mpd.slice.26000-26999.json
2026-03-21 10:49:35 INFO [train] Processing slice file: dataset/data/mpd.slice.859000-859999.json
2026-03-21 10:49:35 INFO [train] Processing slice file: dataset/data/mpd.slice.209000-209999.json
2026-03-21 10:49:36 INFO [train] Processing slice file: dataset/data/mpd.slice.153000-153999.json
2026-03-21 10:49:36 INFO [train] Processing slice file: dataset/data/mpd.slice.655000-655999.json
2026-03-21 10:49:36 INFO [train] Processing slice file: dataset/data/mpd.slice.74000-74999.json
2026-03-21 10:49:36 INFO [train] Processing slice file: dataset/data/mpd.slice.456000-456999.json
2026-03-21 10:49:37 INFO [train] Processing slice file: dataset/data/mpd.slice.900000-900999.json
2026-03-21 10:49:37 INFO [train] Processing slice file: dataset/data/mpd.slice.350000-350999.json
2026-03-21 10:49:37 INFO [train] Processing slice file: dataset/data/mpd.slice.489000-489999.json
2026-03-21 10:49:38 INFO [train] Processing slice file: dataset/data/mpd.slice.161000-161999.json
2026-03-21 10:49:38 INFO [train] Processing slice file: dataset/data/mpd.slice.667000-667999.json
2026-03-21 10:49:38 INFO [train] Processing slice file: dataset/data/mpd.slice.588000-588999.json
2026-03-21 10:49:38 INFO [train] Processing slice file: dataset/data/mpd.slice.766000-766999.json
2026-03-21 10:49:39 INFO [train] Processing slice file: dataset/data/mpd.slice.557000-557999.json
2026-03-21 10:49:39 INFO [train] Processing slice file: dataset/data/mpd.slice.801000-801999.json
2026-03-21 10:49:39 INFO [train] Processing slice file: dataset/data/mpd.slice.251000-251999.json
2026-03-21 10:49:39 INFO [train] Processing slice file: dataset/data/mpd.slice.85000-85999.json
2026-03-21 10:49:40 INFO [train] Processing slice file: dataset/data/mpd.slice.986000-986999.json
2026-03-21 10:49:40 INFO [train] Processing slice file: dataset/data/mpd.slice.138000-138999.json
2026-03-21 10:49:40 INFO [train] Processing slice file: dataset/data/mpd.slice.262000-262999.json
2026-03-21 10:49:40 INFO [train] Processing slice file: dataset/data/mpd.slice.564000-564999.json
2026-03-21 10:49:41 INFO [train] Processing slice file: dataset/data/mpd.slice.832000-832999.json
2026-03-21 10:49:41 INFO [train] Processing slice file: dataset/data/mpd.slice.309000-309999.json
2026-03-21 10:49:41 INFO [train] Processing slice file: dataset/data/mpd.slice.959000-959999.json
2026-03-21 10:49:42 INFO [train] Processing slice file: dataset/data/mpd.slice.755000-755999.json
2026-03-21 10:49:42 INFO [train] Processing slice file: dataset/data/mpd.slice.208000-208999.json
2026-03-21 10:49:42 INFO [train] Processing slice file: dataset/data/mpd.slice.50000-50999.json
2026-03-21 10:49:42 INFO [train] Processing slice file: dataset/data/mpd.slice.858000-858999.json
2026-03-21 10:49:43 INFO [train] Processing slice file: dataset/data/mpd.slice.654000-654999.json
2026-03-21 10:49:43 INFO [train] Processing slice file: dataset/data/mpd.slice.152000-152999.json
2026-03-21 10:49:43 INFO [train] Processing slice file: dataset/data/mpd.slice.887000-887999.json
2026-03-21 10:49:43 INFO [train] Processing slice file: dataset/data/mpd.slice.363000-363999.json
2026-03-21 10:49:44 INFO [train] Processing slice file: dataset/data/mpd.slice.465000-465999.json
2026-03-21 10:49:44 INFO [train] Processing slice file: dataset/data/mpd.slice.933000-933999.json
2026-03-21 10:49:44 INFO [train] Processing slice file: dataset/data/mpd.slice.80000-80999.json
2026-03-21 10:49:44 INFO [train] Processing slice file: dataset/data/mpd.slice.252000-252999.json
2026-03-21 10:49:45 INFO [train] Processing slice file: dataset/data/mpd.slice.802000-802999.json
2026-03-21 10:49:45 INFO [train] Processing slice file: dataset/data/mpd.slice.554000-554999.json
2026-03-21 10:49:45 INFO [train] Processing slice file: dataset/data/mpd.slice.108000-108999.json
2026-03-21 10:49:46 INFO [train] Processing slice file: dataset/data/mpd.slice.765000-765999.json
2026-03-21 10:49:46 INFO [train] Processing slice file: dataset/data/mpd.slice.339000-339999.json
2026-03-21 10:49:46 INFO [train] Processing slice file: dataset/data/mpd.slice.969000-969999.json
2026-03-21 10:49:46 INFO [train] Processing slice file: dataset/data/mpd.slice.664000-664999.json
2026-03-21 10:49:47 INFO [train] Processing slice file: dataset/data/mpd.slice.162000-162999.json
2026-03-21 10:49:47 INFO [train] Processing slice file: dataset/data/mpd.slice.55000-55999.json
2026-03-21 10:49:47 INFO [train] Processing slice file: dataset/data/mpd.slice.238000-238999.json
2026-03-21 10:49:47 INFO [train] Processing slice file: dataset/data/mpd.slice.868000-868999.json
2026-03-21 10:49:48 INFO [train] Processing slice file: dataset/data/mpd.slice.353000-353999.json
2026-03-21 10:49:48 INFO [train] Processing slice file: dataset/data/mpd.slice.903000-903999.json
2026-03-21 10:49:48 INFO [train] Processing slice file: dataset/data/mpd.slice.455000-455999.json
2026-03-21 10:49:48 INFO [train] Processing slice file: dataset/data/mpd.slice.930000-930999.json
2026-03-21 10:49:49 INFO [train] Processing slice file: dataset/data/mpd.slice.466000-466999.json
2026-03-21 10:49:49 INFO [train] Processing slice file: dataset/data/mpd.slice.688000-688999.json
2026-03-21 10:49:49 INFO [train] Processing slice file: dataset/data/mpd.slice.360000-360999.json
2026-03-21 10:49:50 INFO [train] Processing slice file: dataset/data/mpd.slice.71000-71999.json
2026-03-21 10:49:50 INFO [train] Processing slice file: dataset/data/mpd.slice.884000-884999.json
2026-03-21 10:49:50 INFO [train] Processing slice file: dataset/data/mpd.slice.151000-151999.json
2026-03-21 10:49:50 INFO [train] Processing slice file: dataset/data/mpd.slice.657000-657999.json
2026-03-21 10:49:51 INFO [train] Processing slice file: dataset/data/mpd.slice.756000-756999.json
2026-03-21 10:49:51 INFO [train] Processing slice file: dataset/data/mpd.slice.831000-831999.json
2026-03-21 10:49:51 INFO [train] Processing slice file: dataset/data/mpd.slice.567000-567999.json
2026-03-21 10:49:51 INFO [train] Processing slice file: dataset/data/mpd.slice.789000-789999.json
2026-03-21 10:49:52 INFO [train] Processing slice file: dataset/data/mpd.slice.261000-261999.json
2026-03-21 10:49:52 INFO [train] Processing slice file: dataset/data/mpd.slice.985000-985999.json
2026-03-21 10:49:52 INFO [train] Processing slice file: dataset/data/mpd.slice.39000-39999.json
2026-03-21 10:49:52 INFO [train] Processing slice file: dataset/data/mpd.slice.764000-764999.json
2026-03-21 10:49:53 INFO [train] Processing slice file: dataset/data/mpd.slice.968000-968999.json
2026-03-21 10:49:53 INFO [train] Processing slice file: dataset/data/mpd.slice.338000-338999.json
2026-03-21 10:49:53 INFO [train] Processing slice file: dataset/data/mpd.slice.803000-803999.json
2026-03-21 10:49:54 INFO [train] Processing slice file: dataset/data/mpd.slice.555000-555999.json
2026-03-21 10:49:54 INFO [train] Processing slice file: dataset/data/mpd.slice.253000-253999.json
2026-03-21 10:49:54 INFO [train] Processing slice file: dataset/data/mpd.slice.109000-109999.json
2026-03-21 10:49:54 INFO [train] Processing slice file: dataset/data/mpd.slice.902000-902999.json
2026-03-21 10:49:55 INFO [train] Processing slice file: dataset/data/mpd.slice.454000-454999.json
2026-03-21 10:49:55 INFO [train] Processing slice file: dataset/data/mpd.slice.352000-352999.json
2026-03-21 10:49:55 INFO [train] Processing slice file: dataset/data/mpd.slice.163000-163999.json
2026-03-21 10:49:55 INFO [train] Processing slice file: dataset/data/mpd.slice.23000-23999.json
2026-03-21 10:49:56 INFO [train] Processing slice file: dataset/data/mpd.slice.665000-665999.json
2026-03-21 10:49:56 INFO [train] Processing slice file: dataset/data/mpd.slice.869000-869999.json
2026-03-21 10:49:56 INFO [train] Processing slice file: dataset/data/mpd.slice.239000-239999.json
2026-03-21 10:49:56 INFO [train] Processing slice file: dataset/data/mpd.slice.656000-656999.json
2026-03-21 10:49:57 INFO [train] Processing slice file: dataset/data/mpd.slice.150000-150999.json
2026-03-21 10:49:57 INFO [train] Processing slice file: dataset/data/mpd.slice.361000-361999.json
2026-03-21 10:49:57 INFO [train] Processing slice file: dataset/data/mpd.slice.689000-689999.json
2026-03-21 10:49:58 INFO [train] Processing slice file: dataset/data/mpd.slice.931000-931999.json
2026-03-21 10:49:58 INFO [train] Processing slice file: dataset/data/mpd.slice.467000-467999.json
2026-03-21 10:49:58 INFO [train] Processing slice file: dataset/data/mpd.slice.885000-885999.json
2026-03-21 10:49:58 INFO [train] Processing slice file: dataset/data/mpd.slice.260000-260999.json
2026-03-21 10:49:59 INFO [train] Processing slice file: dataset/data/mpd.slice.788000-788999.json
2026-03-21 10:49:59 INFO [train] Processing slice file: dataset/data/mpd.slice.830000-830999.json
2026-03-21 10:49:59 INFO [train] Processing slice file: dataset/data/mpd.slice.566000-566999.json
2026-03-21 10:49:59 INFO [train] Processing slice file: dataset/data/mpd.slice.984000-984999.json
2026-03-21 10:50:00 INFO [train] Processing slice file: dataset/data/mpd.slice.757000-757999.json
2026-03-21 10:50:00 INFO [train] Processing slice file: dataset/data/mpd.slice.535000-535999.json
2026-03-21 10:50:00 INFO [train] Processing slice file: dataset/data/mpd.slice.863000-863999.json
2026-03-21 10:50:00 INFO [train] Processing slice file: dataset/data/mpd.slice.233000-233999.json
2026-03-21 10:50:01 INFO [train] Processing slice file: dataset/data/mpd.slice.481000-481999.json
2026-03-21 10:50:01 INFO [train] Processing slice file: dataset/data/mpd.slice.169000-169999.json
2026-03-21 10:50:01 INFO [train] Processing slice file: dataset/data/mpd.slice.33000-33999.json
2026-03-21 10:50:01 INFO [train] Processing slice file: dataset/data/mpd.slice.387000-387999.json
2026-03-21 10:50:02 INFO [train] Processing slice file: dataset/data/mpd.slice.704000-704999.json
2026-03-21 10:50:02 INFO [train] Processing slice file: dataset/data/mpd.slice.908000-908999.json
2026-03-21 10:50:02 INFO [train] Processing slice file: dataset/data/mpd.slice.358000-358999.json
2026-03-21 10:50:03 INFO [train] Processing slice file: dataset/data/mpd.slice.103000-103999.json
2026-03-21 10:50:03 INFO [train] Processing slice file: dataset/data/mpd.slice.605000-605999.json
2026-03-21 10:50:03 INFO [train] Processing slice file: dataset/data/mpd.slice.809000-809999.json
2026-03-21 10:50:03 INFO [train] Processing slice file: dataset/data/mpd.slice.259000-259999.json
2026-03-21 10:50:04 INFO [train] Processing slice file: dataset/data/mpd.slice.434000-434999.json
2026-03-21 10:50:04 INFO [train] Processing slice file: dataset/data/mpd.slice.962000-962999.json
2026-03-21 10:50:04 INFO [train] Processing slice file: dataset/data/mpd.slice.332000-332999.json
2026-03-21 10:50:04 INFO [train] Processing slice file: dataset/data/mpd.slice.580000-580999.json
2026-03-21 10:50:05 INFO [train] Processing slice file: dataset/data/mpd.slice.29000-29999.json
2026-03-21 10:50:05 INFO [train] Processing slice file: dataset/data/mpd.slice.286000-286999.json
2026-03-21 10:50:05 INFO [train] Processing slice file: dataset/data/mpd.slice.301000-301999.json
2026-03-21 10:50:05 INFO [train] Processing slice file: dataset/data/mpd.slice.407000-407999.json
2026-03-21 10:50:06 INFO [train] Processing slice file: dataset/data/mpd.slice.951000-951999.json
2026-03-21 10:50:06 INFO [train] Processing slice file: dataset/data/mpd.slice.636000-636999.json
2026-03-21 10:50:06 INFO [train] Processing slice file: dataset/data/mpd.slice.130000-130999.json
2026-03-21 10:50:07 INFO [train] Processing slice file: dataset/data/mpd.slice.782000-782999.json
2026-03-21 10:50:07 INFO [train] Processing slice file: dataset/data/mpd.slice.737000-737999.json
2026-03-21 10:50:07 INFO [train] Processing slice file: dataset/data/mpd.slice.683000-683999.json
2026-03-21 10:50:07 INFO [train] Processing slice file: dataset/data/mpd.slice.17000-17999.json
2026-03-21 10:50:08 INFO [train] Processing slice file: dataset/data/mpd.slice.185000-185999.json
2026-03-21 10:50:08 INFO [train] Processing slice file: dataset/data/mpd.slice.200000-200999.json
2026-03-21 10:50:08 INFO [train] Processing slice file: dataset/data/mpd.slice.506000-506999.json
2026-03-21 10:50:08 INFO [train] Processing slice file: dataset/data/mpd.slice.850000-850999.json
2026-03-21 10:50:09 INFO [train] Processing slice file: dataset/data/mpd.slice.705000-705999.json
2026-03-21 10:50:09 INFO [train] Processing slice file: dataset/data/mpd.slice.359000-359999.json
2026-03-21 10:50:09 INFO [train] Processing slice file: dataset/data/mpd.slice.909000-909999.json
2026-03-21 10:50:10 INFO [train] Processing slice file: dataset/data/mpd.slice.232000-232999.json
2026-03-21 10:50:10 INFO [train] Processing slice file: dataset/data/mpd.slice.534000-534999.json
2026-03-21 10:50:10 INFO [train] Processing slice file: dataset/data/mpd.slice.862000-862999.json
2026-03-21 10:50:10 INFO [train] Processing slice file: dataset/data/mpd.slice.386000-386999.json
2026-03-21 10:50:11 INFO [train] Processing slice file: dataset/data/mpd.slice.45000-45999.json
2026-03-21 10:50:11 INFO [train] Processing slice file: dataset/data/mpd.slice.168000-168999.json
2026-03-21 10:50:11 INFO [train] Processing slice file: dataset/data/mpd.slice.480000-480999.json
2026-03-21 10:50:11 INFO [train] Processing slice file: dataset/data/mpd.slice.333000-333999.json
2026-03-21 10:50:12 INFO [train] Processing slice file: dataset/data/mpd.slice.435000-435999.json
2026-03-21 10:50:12 INFO [train] Processing slice file: dataset/data/mpd.slice.963000-963999.json
2026-03-21 10:50:12 INFO [train] Processing slice file: dataset/data/mpd.slice.287000-287999.json
2026-03-21 10:50:12 INFO [train] Processing slice file: dataset/data/mpd.slice.581000-581999.json
2026-03-21 10:50:13 INFO [train] Processing slice file: dataset/data/mpd.slice.604000-604999.json
2026-03-21 10:50:13 INFO [train] Processing slice file: dataset/data/mpd.slice.102000-102999.json
2026-03-21 10:50:13 INFO [train] Processing slice file: dataset/data/mpd.slice.258000-258999.json
2026-03-21 10:50:14 INFO [train] Processing slice file: dataset/data/mpd.slice.808000-808999.json
2026-03-21 10:50:14 INFO [train] Processing slice file: dataset/data/mpd.slice.90000-90999.json
2026-03-21 10:50:14 INFO [train] Processing slice file: dataset/data/mpd.slice.131000-131999.json
2026-03-21 10:50:14 INFO [train] Processing slice file: dataset/data/mpd.slice.637000-637999.json
2026-03-21 10:50:15 INFO [train] Processing slice file: dataset/data/mpd.slice.783000-783999.json
2026-03-21 10:50:15 INFO [train] Processing slice file: dataset/data/mpd.slice.406000-406999.json
2026-03-21 10:50:15 INFO [train] Processing slice file: dataset/data/mpd.slice.950000-950999.json
2026-03-21 10:50:15 INFO [train] Processing slice file: dataset/data/mpd.slice.300000-300999.json
2026-03-21 10:50:16 INFO [train] Processing slice file: dataset/data/mpd.slice.507000-507999.json
2026-03-21 10:50:16 INFO [train] Processing slice file: dataset/data/mpd.slice.851000-851999.json
2026-03-21 10:50:16 INFO [train] Processing slice file: dataset/data/mpd.slice.201000-201999.json
2026-03-21 10:50:16 INFO [train] Processing slice file: dataset/data/mpd.slice.736000-736999.json
2026-03-21 10:50:17 INFO [train] Processing slice file: dataset/data/mpd.slice.61000-61999.json
2026-03-21 10:50:17 INFO [train] Processing slice file: dataset/data/mpd.slice.184000-184999.json
2026-03-21 10:50:17 INFO [train] Processing slice file: dataset/data/mpd.slice.682000-682999.json
2026-03-21 10:50:18 INFO [train] Processing slice file: dataset/data/mpd.slice.101000-101999.json
2026-03-21 10:50:18 INFO [train] Processing slice file: dataset/data/mpd.slice.607000-607999.json
2026-03-21 10:50:18 INFO [train] Processing slice file: dataset/data/mpd.slice.582000-582999.json
2026-03-21 10:50:18 INFO [train] Processing slice file: dataset/data/mpd.slice.284000-284999.json
2026-03-21 10:50:19 INFO [train] Processing slice file: dataset/data/mpd.slice.960000-960999.json
2026-03-21 10:50:19 INFO [train] Processing slice file: dataset/data/mpd.slice.436000-436999.json
2026-03-21 10:50:19 INFO [train] Processing slice file: dataset/data/mpd.slice.330000-330999.json
2026-03-21 10:50:20 INFO [train] Processing slice file: dataset/data/mpd.slice.483000-483999.json
2026-03-21 10:50:20 INFO [train] Processing slice file: dataset/data/mpd.slice.385000-385999.json
2026-03-21 10:50:20 INFO [train] Processing slice file: dataset/data/mpd.slice.861000-861999.json
2026-03-21 10:50:20 INFO [train] Processing slice file: dataset/data/mpd.slice.537000-537999.json
2026-03-21 10:50:21 INFO [train] Processing slice file: dataset/data/mpd.slice.231000-231999.json
2026-03-21 10:50:21 INFO [train] Processing slice file: dataset/data/mpd.slice.64000-64999.json
2026-03-21 10:50:21 INFO [train] Processing slice file: dataset/data/mpd.slice.706000-706999.json
2026-03-21 10:50:21 INFO [train] Processing slice file: dataset/data/mpd.slice.369000-369999.json
2026-03-21 10:50:22 INFO [train] Processing slice file: dataset/data/mpd.slice.681000-681999.json
2026-03-21 10:50:22 INFO [train] Processing slice file: dataset/data/mpd.slice.939000-939999.json
2026-03-21 10:50:22 INFO [train] Processing slice file: dataset/data/mpd.slice.187000-187999.json
2026-03-21 10:50:23 INFO [train] Processing slice file: dataset/data/mpd.slice.735000-735999.json
2026-03-21 10:50:23 INFO [train] Processing slice file: dataset/data/mpd.slice.158000-158999.json
2026-03-21 10:50:23 INFO [train] Processing slice file: dataset/data/mpd.slice.202000-202999.json
2026-03-21 10:50:23 INFO [train] Processing slice file: dataset/data/mpd.slice.40000-40999.json
2026-03-21 10:50:24 INFO [train] Processing slice file: dataset/data/mpd.slice.852000-852999.json
2026-03-21 10:50:24 INFO [train] Processing slice file: dataset/data/mpd.slice.504000-504999.json
2026-03-21 10:50:24 INFO [train] Processing slice file: dataset/data/mpd.slice.303000-303999.json
2026-03-21 10:50:25 INFO [train] Processing slice file: dataset/data/mpd.slice.953000-953999.json
2026-03-21 10:50:25 INFO [train] Processing slice file: dataset/data/mpd.slice.405000-405999.json
2026-03-21 10:50:25 INFO [train] Processing slice file: dataset/data/mpd.slice.268000-268999.json
2026-03-21 10:50:25 INFO [train] Processing slice file: dataset/data/mpd.slice.780000-780999.json
2026-03-21 10:50:26 INFO [train] Processing slice file: dataset/data/mpd.slice.838000-838999.json
2026-03-21 10:50:26 INFO [train] Processing slice file: dataset/data/mpd.slice.634000-634999.json
2026-03-21 10:50:26 INFO [train] Processing slice file: dataset/data/mpd.slice.95000-95999.json
2026-03-21 10:50:27 INFO [train] Processing slice file: dataset/data/mpd.slice.132000-132999.json
2026-03-21 10:50:27 INFO [train] Processing slice file: dataset/data/mpd.slice.285000-285999.json
2026-03-21 10:50:27 INFO [train] Processing slice file: dataset/data/mpd.slice.583000-583999.json
2026-03-21 10:50:27 INFO [train] Processing slice file: dataset/data/mpd.slice.331000-331999.json
2026-03-21 10:50:28 INFO [train] Processing slice file: dataset/data/mpd.slice.961000-961999.json
2026-03-21 10:50:28 INFO [train] Processing slice file: dataset/data/mpd.slice.437000-437999.json
2026-03-21 10:50:28 INFO [train] Processing slice file: dataset/data/mpd.slice.606000-606999.json
2026-03-21 10:50:28 INFO [train] Processing slice file: dataset/data/mpd.slice.100000-100999.json
2026-03-21 10:50:29 INFO [train] Processing slice file: dataset/data/mpd.slice.707000-707999.json
2026-03-21 10:50:29 INFO [train] Processing slice file: dataset/data/mpd.slice.12000-12999.json
2026-03-21 10:50:29 INFO [train] Processing slice file: dataset/data/mpd.slice.384000-384999.json
2026-03-21 10:50:29 INFO [train] Processing slice file: dataset/data/mpd.slice.482000-482999.json
2026-03-21 10:50:30 INFO [train] Processing slice file: dataset/data/mpd.slice.230000-230999.json
2026-03-21 10:50:30 INFO [train] Processing slice file: dataset/data/mpd.slice.860000-860999.json
2026-03-21 10:50:30 INFO [train] Processing slice file: dataset/data/mpd.slice.536000-536999.json
2026-03-21 10:50:31 INFO [train] Processing slice file: dataset/data/mpd.slice.159000-159999.json
2026-03-21 10:50:31 INFO [train] Processing slice file: dataset/data/mpd.slice.853000-853999.json
2026-03-21 10:50:31 INFO [train] Processing slice file: dataset/data/mpd.slice.505000-505999.json
2026-03-21 10:50:31 INFO [train] Processing slice file: dataset/data/mpd.slice.36000-36999.json
2026-03-21 10:50:32 INFO [train] Processing slice file: dataset/data/mpd.slice.203000-203999.json
2026-03-21 10:50:32 INFO [train] Processing slice file: dataset/data/mpd.slice.186000-186999.json
2026-03-21 10:50:32 INFO [train] Processing slice file: dataset/data/mpd.slice.938000-938999.json
2026-03-21 10:50:32 INFO [train] Processing slice file: dataset/data/mpd.slice.680000-680999.json
2026-03-21 10:50:33 INFO [train] Processing slice file: dataset/data/mpd.slice.368000-368999.json
2026-03-21 10:50:33 INFO [train] Processing slice file: dataset/data/mpd.slice.734000-734999.json
2026-03-21 10:50:33 INFO [train] Processing slice file: dataset/data/mpd.slice.839000-839999.json
2026-03-21 10:50:34 INFO [train] Processing slice file: dataset/data/mpd.slice.781000-781999.json
2026-03-21 10:50:34 INFO [train] Processing slice file: dataset/data/mpd.slice.269000-269999.json
2026-03-21 10:50:34 INFO [train] Processing slice file: dataset/data/mpd.slice.133000-133999.json
2026-03-21 10:50:34 INFO [train] Processing slice file: dataset/data/mpd.slice.635000-635999.json
2026-03-21 10:50:35 INFO [train] Processing slice file: dataset/data/mpd.slice.952000-952999.json
2026-03-21 10:50:35 INFO [train] Processing slice file: dataset/data/mpd.slice.404000-404999.json
2026-03-21 10:50:35 INFO [train] Processing slice file: dataset/data/mpd.slice.302000-302999.json
2026-03-21 10:50:35 INFO [train] ETL pipeline finished for all slices
2026-03-21 10:50:35 INFO [train] Full ETL pipeline completed successfully in 272.70 seconds
2026-03-21 11:01:51 INFO [train] Loading processed data...
2026-03-21 11:01:51 INFO [train] Processing slice file: dataset/data/mpd.slice.549000-549999.json
2026-03-21 11:01:56 INFO [train] Processing slice file: dataset/data/mpd.slice.613000-613999.json
2026-03-21 11:02:01 INFO [train] Processing slice file: dataset/data/mpd.slice.115000-115999.json
2026-03-21 11:02:07 INFO [train] Processing slice file: dataset/data/mpd.slice.778000-778999.json
2026-03-21 11:02:12 INFO [train] Processing slice file: dataset/data/mpd.slice.290000-290999.json
2026-03-21 11:02:17 INFO [train] Processing slice file: dataset/data/mpd.slice.596000-596999.json
2026-03-21 11:02:22 INFO [train] Processing slice file: dataset/data/mpd.slice.324000-324999.json
2026-03-21 11:02:27 INFO [train] Processing slice file: dataset/data/mpd.slice.422000-422999.json
2026-03-21 11:02:33 INFO [train] Processing slice file: dataset/data/mpd.slice.974000-974999.json
2026-03-21 11:02:38 INFO [train] Processing slice file: dataset/data/mpd.slice.679000-679999.json
2026-03-21 11:02:44 INFO [train] Processing slice file: dataset/data/mpd.slice.7000-7999.json
2026-03-21 11:02:49 INFO [train] Processing slice file: dataset/data/mpd.slice.391000-391999.json
2026-03-21 11:02:54 INFO [train] Processing slice file: dataset/data/mpd.slice.497000-497999.json
2026-03-21 11:03:00 INFO [train] Processing slice file: dataset/data/mpd.slice.225000-225999.json
2026-03-21 11:03:05 INFO [train] Processing slice file: dataset/data/mpd.slice.523000-523999.json
2026-03-21 11:03:10 INFO [train] Processing slice file: dataset/data/mpd.slice.875000-875999.json
2026-03-21 11:03:15 INFO [train] Processing slice file: dataset/data/mpd.slice.448000-448999.json
2026-03-21 11:03:20 INFO [train] Processing slice file: dataset/data/mpd.slice.712000-712999.json
2026-03-21 11:03:26 INFO [train] Processing slice file: dataset/data/mpd.slice.193000-193999.json
2026-03-21 11:03:31 INFO [train] Processing slice file: dataset/data/mpd.slice.38000-38999.json
2026-03-21 11:03:36 INFO [train] Processing slice file: dataset/data/mpd.slice.695000-695999.json
2026-03-21 11:03:41 INFO [train] Processing slice file: dataset/data/mpd.slice.899000-899999.json
2026-03-21 11:03:46 INFO [train] Processing slice file: dataset/data/mpd.slice.721000-721999.json
2026-03-21 11:03:51 INFO [train] Processing slice file: dataset/data/mpd.slice.510000-510999.json
2026-03-21 11:03:56 INFO [train] Processing slice file: dataset/data/mpd.slice.846000-846999.json
2026-03-21 11:04:01 INFO [train] Processing slice file: dataset/data/mpd.slice.216000-216999.json
2026-03-21 11:04:07 INFO [train] Processing slice file: dataset/data/mpd.slice.411000-411999.json
2026-03-21 11:04:12 INFO [train] Processing slice file: dataset/data/mpd.slice.947000-947999.json
2026-03-21 11:04:17 INFO [train] Processing slice file: dataset/data/mpd.slice.317000-317999.json
2026-03-21 11:04:22 INFO [train] Processing slice file: dataset/data/mpd.slice.22000-22999.json
2026-03-21 11:04:28 INFO [train] Processing slice file: dataset/data/mpd.slice.794000-794999.json
2026-03-21 11:04:33 INFO [train] Processing slice file: dataset/data/mpd.slice.126000-126999.json
2026-03-21 11:04:38 INFO [train] Processing slice file: dataset/data/mpd.slice.998000-998999.json
2026-03-21 11:04:44 INFO [train] Processing slice file: dataset/data/mpd.slice.620000-620999.json
2026-03-21 11:04:49 INFO [train] Processing slice file: dataset/data/mpd.slice.3000-3999.json
2026-03-21 11:04:54 INFO [train] Processing slice file: dataset/data/mpd.slice.70000-70999.json
2026-03-21 11:04:59 INFO [train] Processing slice file: dataset/data/mpd.slice.597000-597999.json
2026-03-21 11:05:04 INFO [train] Processing slice file: dataset/data/mpd.slice.291000-291999.json
2026-03-21 11:05:10 INFO [train] Processing slice file: dataset/data/mpd.slice.779000-779999.json
2026-03-21 11:05:15 INFO [train] Processing slice file: dataset/data/mpd.slice.423000-423999.json
2026-03-21 11:05:20 INFO [train] Processing slice file: dataset/data/mpd.slice.975000-975999.json
2026-03-21 11:05:25 INFO [train] Processing slice file: dataset/data/mpd.slice.325000-325999.json
2026-03-21 11:05:31 INFO [train] Processing slice file: dataset/data/mpd.slice.548000-548999.json
2026-03-21 11:05:37 INFO [train] Processing slice file: dataset/data/mpd.slice.114000-114999.json
2026-03-21 11:05:42 INFO [train] Processing slice file: dataset/data/mpd.slice.612000-612999.json
2026-03-21 11:05:47 INFO [train] Processing slice file: dataset/data/mpd.slice.449000-449999.json
2026-03-21 11:05:52 INFO [train] Processing slice file: dataset/data/mpd.slice.713000-713999.json
2026-03-21 11:05:58 INFO [train] Processing slice file: dataset/data/mpd.slice.496000-496999.json
2026-03-21 11:06:03 INFO [train] Processing slice file: dataset/data/mpd.slice.390000-390999.json
2026-03-21 11:06:08 INFO [train] Processing slice file: dataset/data/mpd.slice.678000-678999.json
2026-03-21 11:06:14 INFO [train] Processing slice file: dataset/data/mpd.slice.522000-522999.json
2026-03-21 11:06:19 INFO [train] Processing slice file: dataset/data/mpd.slice.874000-874999.json
2026-03-21 11:06:24 INFO [train] Processing slice file: dataset/data/mpd.slice.224000-224999.json
2026-03-21 11:06:30 INFO [train] Processing slice file: dataset/data/mpd.slice.81000-81999.json
2026-03-21 11:06:35 INFO [train] Processing slice file: dataset/data/mpd.slice.217000-217999.json
2026-03-21 11:06:40 INFO [train] Processing slice file: dataset/data/mpd.slice.511000-511999.json
2026-03-21 11:06:46 INFO [train] Processing slice file: dataset/data/mpd.slice.847000-847999.json
2026-03-21 11:06:51 INFO [train] Processing slice file: dataset/data/mpd.slice.694000-694999.json
2026-03-21 11:06:56 INFO [train] Processing slice file: dataset/data/mpd.slice.192000-192999.json
2026-03-21 11:07:01 INFO [train] Processing slice file: dataset/data/mpd.slice.720000-720999.json
2026-03-21 11:07:06 INFO [train] Processing slice file: dataset/data/mpd.slice.898000-898999.json
2026-03-21 11:07:12 INFO [train] Processing slice file: dataset/data/mpd.slice.54000-54999.json
2026-03-21 11:07:17 INFO [train] Processing slice file: dataset/data/mpd.slice.795000-795999.json
2026-03-21 11:07:22 INFO [train] Processing slice file: dataset/data/mpd.slice.621000-621999.json
2026-03-21 11:07:28 INFO [train] Processing slice file: dataset/data/mpd.slice.999000-999999.json
2026-03-21 11:07:33 INFO [train] Processing slice file: dataset/data/mpd.slice.127000-127999.json
2026-03-21 11:07:38 INFO [train] Processing slice file: dataset/data/mpd.slice.316000-316999.json
2026-03-21 11:07:43 INFO [train] Processing slice file: dataset/data/mpd.slice.410000-410999.json
2026-03-21 11:07:48 INFO [train] Processing slice file: dataset/data/mpd.slice.946000-946999.json
2026-03-21 11:07:54 INFO [train] Processing slice file: dataset/data/mpd.slice.227000-227999.json
2026-03-21 11:07:59 INFO [train] Processing slice file: dataset/data/mpd.slice.84000-84999.json
2026-03-21 11:08:04 INFO [train] Processing slice file: dataset/data/mpd.slice.877000-877999.json
2026-03-21 11:08:10 INFO [train] Processing slice file: dataset/data/mpd.slice.521000-521999.json
2026-03-21 11:08:15 INFO [train] Processing slice file: dataset/data/mpd.slice.393000-393999.json
2026-03-21 11:08:20 INFO [train] Processing slice file: dataset/data/mpd.slice.495000-495999.json
2026-03-21 11:08:25 INFO [train] Processing slice file: dataset/data/mpd.slice.710000-710999.json
2026-03-21 11:08:30 INFO [train] Processing slice file: dataset/data/mpd.slice.611000-611999.json
2026-03-21 11:08:35 INFO [train] Processing slice file: dataset/data/mpd.slice.117000-117999.json
2026-03-21 11:08:41 INFO [train] Processing slice file: dataset/data/mpd.slice.51000-51999.json
2026-03-21 11:08:46 INFO [train] Processing slice file: dataset/data/mpd.slice.326000-326999.json
2026-03-21 11:08:52 INFO [train] Processing slice file: dataset/data/mpd.slice.976000-976999.json
2026-03-21 11:08:57 INFO [train] Processing slice file: dataset/data/mpd.slice.420000-420999.json
2026-03-21 11:09:03 INFO [train] Processing slice file: dataset/data/mpd.slice.292000-292999.json
2026-03-21 11:09:11 INFO [train] Processing slice file: dataset/data/mpd.slice.594000-594999.json
2026-03-21 11:09:17 INFO [train] Processing slice file: dataset/data/mpd.slice.945000-945999.json
2026-03-21 11:09:23 INFO [train] Processing slice file: dataset/data/mpd.slice.413000-413999.json
2026-03-21 11:09:28 INFO [train] Processing slice file: dataset/data/mpd.slice.75000-75999.json
2026-03-21 11:09:34 INFO [train] Processing slice file: dataset/data/mpd.slice.315000-315999.json
2026-03-21 11:09:40 INFO [train] Processing slice file: dataset/data/mpd.slice.749000-749999.json
2026-03-21 11:09:45 INFO [train] Processing slice file: dataset/data/mpd.slice.124000-124999.json
2026-03-21 11:09:51 INFO [train] Processing slice file: dataset/data/mpd.slice.622000-622999.json
2026-03-21 11:09:57 INFO [train] Processing slice file: dataset/data/mpd.slice.578000-578999.json
2026-03-21 11:10:03 INFO [train] Processing slice file: dataset/data/mpd.slice.796000-796999.json
2026-03-21 11:10:08 INFO [train] Processing slice file: dataset/data/mpd.slice.723000-723999.json
2026-03-21 11:10:14 INFO [train] Processing slice file: dataset/data/mpd.slice.191000-191999.json
2026-03-21 11:10:19 INFO [train] Processing slice file: dataset/data/mpd.slice.479000-479999.json
2026-03-21 11:10:24 INFO [train] Processing slice file: dataset/data/mpd.slice.697000-697999.json
2026-03-21 11:10:29 INFO [train] Processing slice file: dataset/data/mpd.slice.844000-844999.json
2026-03-21 11:10:34 INFO [train] Processing slice file: dataset/data/mpd.slice.512000-512999.json
2026-03-21 11:10:40 INFO [train] Processing slice file: dataset/data/mpd.slice.214000-214999.json
2026-03-21 11:10:45 INFO [train] Processing slice file: dataset/data/mpd.slice.648000-648999.json
2026-03-21 11:10:50 INFO [train] Processing slice file: dataset/data/mpd.slice.711000-711999.json
2026-03-21 11:10:55 INFO [train] Processing slice file: dataset/data/mpd.slice.876000-876999.json
2026-03-21 11:11:01 INFO [train] Processing slice file: dataset/data/mpd.slice.520000-520999.json
2026-03-21 11:11:07 INFO [train] Processing slice file: dataset/data/mpd.slice.226000-226999.json
2026-03-21 11:11:13 INFO [train] Processing slice file: dataset/data/mpd.slice.494000-494999.json
2026-03-21 11:11:18 INFO [train] Processing slice file: dataset/data/mpd.slice.392000-392999.json
2026-03-21 11:11:24 INFO [train] Processing slice file: dataset/data/mpd.slice.977000-977999.json
2026-03-21 11:11:29 INFO [train] Processing slice file: dataset/data/mpd.slice.421000-421999.json
2026-03-21 11:11:34 INFO [train] Processing slice file: dataset/data/mpd.slice.327000-327999.json
2026-03-21 11:11:40 INFO [train] Processing slice file: dataset/data/mpd.slice.595000-595999.json
2026-03-21 11:11:45 INFO [train] Processing slice file: dataset/data/mpd.slice.293000-293999.json
2026-03-21 11:11:51 INFO [train] Processing slice file: dataset/data/mpd.slice.116000-116999.json
2026-03-21 11:11:57 INFO [train] Processing slice file: dataset/data/mpd.slice.610000-610999.json
2026-03-21 11:12:03 INFO [train] Processing slice file: dataset/data/mpd.slice.27000-27999.json
2026-03-21 11:12:08 INFO [train] Processing slice file: dataset/data/mpd.slice.6000-6999.json
2026-03-21 11:12:14 INFO [train] Processing slice file: dataset/data/mpd.slice.623000-623999.json
2026-03-21 11:12:20 INFO [train] Processing slice file: dataset/data/mpd.slice.125000-125999.json
2026-03-21 11:12:25 INFO [train] Processing slice file: dataset/data/mpd.slice.797000-797999.json
2026-03-21 11:12:31 INFO [train] Processing slice file: dataset/data/mpd.slice.579000-579999.json
2026-03-21 11:12:37 INFO [train] Processing slice file: dataset/data/mpd.slice.314000-314999.json
2026-03-21 11:12:42 INFO [train] Processing slice file: dataset/data/mpd.slice.944000-944999.json
2026-03-21 11:12:48 INFO [train] Processing slice file: dataset/data/mpd.slice.412000-412999.json
2026-03-21 11:12:54 INFO [train] Processing slice file: dataset/data/mpd.slice.748000-748999.json
2026-03-21 11:13:00 INFO [train] Processing slice file: dataset/data/mpd.slice.215000-215999.json
2026-03-21 11:13:05 INFO [train] Processing slice file: dataset/data/mpd.slice.19000-19999.json
2026-03-21 11:13:11 INFO [train] Processing slice file: dataset/data/mpd.slice.845000-845999.json
2026-03-21 11:13:16 INFO [train] Processing slice file: dataset/data/mpd.slice.513000-513999.json
2026-03-21 11:13:22 INFO [train] Processing slice file: dataset/data/mpd.slice.2000-2999.json
2026-03-21 11:13:27 INFO [train] Processing slice file: dataset/data/mpd.slice.649000-649999.json
2026-03-21 11:13:32 INFO [train] Processing slice file: dataset/data/mpd.slice.722000-722999.json
2026-03-21 11:13:38 INFO [train] Processing slice file: dataset/data/mpd.slice.696000-696999.json
2026-03-21 11:13:43 INFO [train] Processing slice file: dataset/data/mpd.slice.478000-478999.json
2026-03-21 11:13:49 INFO [train] Processing slice file: dataset/data/mpd.slice.190000-190999.json
2026-03-21 11:13:55 INFO [train] Processing slice file: dataset/data/mpd.slice.540000-540999.json
2026-03-21 11:14:01 INFO [train] Processing slice file: dataset/data/mpd.slice.816000-816999.json
2026-03-21 11:14:07 INFO [train] Processing slice file: dataset/data/mpd.slice.246000-246999.json
2026-03-21 11:14:13 INFO [train] Processing slice file: dataset/data/mpd.slice.37000-37999.json
2026-03-21 11:14:19 INFO [train] Processing slice file: dataset/data/mpd.slice.299000-299999.json
2026-03-21 11:14:25 INFO [train] Processing slice file: dataset/data/mpd.slice.771000-771999.json
2026-03-21 11:14:31 INFO [train] Processing slice file: dataset/data/mpd.slice.176000-176999.json
2026-03-21 11:14:36 INFO [train] Processing slice file: dataset/data/mpd.slice.398000-398999.json
2026-03-21 11:14:42 INFO [train] Processing slice file: dataset/data/mpd.slice.670000-670999.json
2026-03-21 11:14:47 INFO [train] Processing slice file: dataset/data/mpd.slice.441000-441999.json
2026-03-21 11:14:54 INFO [train] Processing slice file: dataset/data/mpd.slice.917000-917999.json
2026-03-21 11:14:59 INFO [train] Processing slice file: dataset/data/mpd.slice.347000-347999.json
2026-03-21 11:15:05 INFO [train] Processing slice file: dataset/data/mpd.slice.374000-374999.json
2026-03-21 11:15:10 INFO [train] Processing slice file: dataset/data/mpd.slice.472000-472999.json
2026-03-21 11:15:16 INFO [train] Processing slice file: dataset/data/mpd.slice.924000-924999.json
2026-03-21 11:15:22 INFO [train] Processing slice file: dataset/data/mpd.slice.728000-728999.json
2026-03-21 11:15:28 INFO [train] Processing slice file: dataset/data/mpd.slice.890000-890999.json
2026-03-21 11:15:35 INFO [train] Processing slice file: dataset/data/mpd.slice.643000-643999.json
2026-03-21 11:15:41 INFO [train] Processing slice file: dataset/data/mpd.slice.145000-145999.json
2026-03-21 11:15:47 INFO [train] Processing slice file: dataset/data/mpd.slice.519000-519999.json
2026-03-21 11:22:35 INFO [train] Loading processed data...
2026-03-21 11:22:36 ERROR [train] Full ETL pipeline failed after 0.53 seconds
2026-03-21 11:23:30 INFO [train] Loading processed data...
2026-03-21 11:23:31 INFO [train] Processed 67503 total tracks across all slices.
2026-03-21 11:23:31 INFO [train] ETL pipeline finished for all slices
2026-03-21 11:23:31 INFO [train] Full ETL pipeline completed successfully in 0.49 seconds
2026-03-21 11:23:54 INFO [train] Loading processed data...
2026-03-21 11:24:38 INFO [train] Processed 66346428 total tracks across all slices.
2026-03-21 11:24:38 INFO [train] ETL pipeline finished for all slices
2026-03-21 11:24:38 INFO [train] Full ETL pipeline completed successfully in 43.86 seconds
2026-03-21 11:26:05 INFO [train] Loading processed data...
2026-03-21 11:26:49 INFO [train] Processed 66346428 total tracks across all slices.
2026-03-21 11:26:49 INFO [train] ETL pipeline finished for all slices
2026-03-21 11:26:49 INFO [train] Full ETL pipeline completed successfully in 43.64 seconds
2026-03-21 11:28:48 INFO [train] Loading processed data...
2026-03-21 11:29:37 INFO [train] Processed 66346428 total tracks across all slices.
2026-03-21 11:29:37 INFO [train] ETL pipeline finished for all slices
2026-03-21 11:29:37 INFO [train] Full ETL pipeline completed successfully in 49.06 seconds
2026-03-21 12:50:42 INFO [train] Loading processed data...
2026-03-21 12:51:29 INFO [train] Processed 9509090 total tracks across all slices.
2026-03-21 12:51:29 INFO [train] ETL pipeline finished for all slices
2026-03-21 12:51:29 INFO [train] Full ETL pipeline completed successfully in 47.27 seconds
2026-03-21 13:19:27 INFO [train] Loading processed data...
2026-03-21 13:19:53 ERROR [train] Full ETL pipeline failed after 25.92 seconds
2026-03-21 13:20:48 INFO [train] Loading processed data...
2026-03-21 13:21:18 ERROR [train] Full ETL pipeline failed after 29.97 seconds
2026-03-21 13:28:18 INFO [train] Loading processed data...
2026-03-21 13:28:19 ERROR [train] Full ETL pipeline failed after 0.72 seconds
2026-03-21 13:30:31 INFO [train] Loading processed data...
2026-03-21 13:31:26 INFO [train] Processed 9509090 total tracks across all slices.
2026-03-21 13:31:26 INFO [train] ETL pipeline finished for all slices
2026-03-21 13:31:26 INFO [train] Full ETL pipeline completed successfully in 54.71 seconds
2026-03-21 13:32:51 INFO [train] Loading processed data...
2026-03-21 13:33:59 INFO [train] Processed 9509090 total tracks across all slices.
2026-03-21 13:33:59 INFO [train] ETL pipeline finished for all slices
2026-03-21 13:33:59 INFO [train] Full ETL pipeline completed successfully in 68.64 seconds
2026-03-21 13:37:11 INFO [train] Loading processed data...
2026-03-21 13:38:06 INFO [train] Processed 9509090 total tracks across all slices.
2026-03-21 13:38:06 INFO [train] ETL pipeline finished for all slices
2026-03-21 13:38:06 INFO [train] Full ETL pipeline completed successfully in 54.93 seconds
2026-03-21 13:38:18 INFO [train] Loading processed data...
2026-03-21 13:39:24 INFO [train] Processed 9509090 total tracks across all slices.
2026-03-21 13:39:24 INFO [train] ETL pipeline finished for all slices
2026-03-21 13:39:24 INFO [train] Full ETL pipeline completed successfully in 66.77 seconds
2026-03-21 13:43:06 INFO [train] Loading processed data...
2026-03-21 13:44:02 INFO [train] Processed 9509090 total tracks across all slices.
2026-03-21 13:44:02 INFO [train] ETL pipeline finished for all slices
2026-03-21 13:44:02 INFO [train] Full ETL pipeline completed successfully in 56.38 seconds
2026-03-21 13:57:31 INFO [train] Loading processed data...
2026-03-21 13:58:35 INFO [train] Loading processed data...
2026-03-21 14:00:47 INFO [train] Processed 0 total tracks across all slices.
2026-03-21 14:00:47 INFO [train] ETL pipeline finished for all slices
2026-03-21 14:00:47 INFO [train] Full ETL pipeline completed successfully in 131.92 seconds
2026-03-21 14:01:12 INFO [train] Loading processed data...
2026-03-21 14:15:00 ERROR [train] Full ETL pipeline failed after 0.00 seconds
2026-03-21 14:20:19 ERROR [train] Full ETL pipeline failed after 0.00 seconds
2026-03-21 14:22:49 INFO [train] Full ETL pipeline completed successfully in 44.29 seconds
2026-03-21 14:25:00 INFO [train] Full ETL pipeline completed successfully in 43.35 seconds
2026-03-21 14:26:01 INFO [train] Full ETL pipeline completed successfully in 49.27 seconds
2026-03-21 14:45:32 ERROR [train] Full ETL pipeline failed after 4.07 seconds
2026-03-21 14:51:10 ERROR [train] Full ETL pipeline failed after 8.42 seconds
2026-03-21 14:54:25 INFO [train] Full ETL pipeline completed successfully in 159.12 seconds
2026-03-21 14:56:38 INFO [train] Full ETL pipeline completed successfully in 113.78 seconds
2026-03-21 15:02:10 ERROR [train] Full ETL pipeline failed after 109.33 seconds
2026-03-21 15:04:58 INFO [train] Full ETL pipeline completed successfully in 25.23 seconds
2026-03-21 15:09:56 INFO [train] Full ETL pipeline completed successfully in 51.85 seconds
2026-03-21 15:12:46 INFO [train] Full ETL pipeline completed successfully in 51.93 seconds
2026-03-21 15:14:51 INFO [train] Full ETL pipeline completed successfully in 60.16 seconds
2026-03-21 15:24:55 ERROR [train] Full ETL pipeline failed after 3.77 seconds
2026-03-21 15:25:53 ERROR [train] Full ETL pipeline failed after 3.24 seconds
2026-03-21 15:28:11 INFO [train] Full ETL pipeline completed successfully in 54.11 seconds
2026-03-21 15:47:15 ERROR [train] Full ETL pipeline failed after 98.72 seconds
2026-03-21 15:53:42 INFO [train] Full ETL pipeline completed successfully in 119.40 seconds
2026-05-04 10:02:24 ERROR [train] Full ETL pipeline failed after 10.17 seconds
2026-05-04 10:02:39 ERROR [train] Full ETL pipeline failed after 9.11 seconds
2026-05-04 10:16:15 ERROR [train] Full ETL pipeline failed after 21.41 seconds
2026-05-04 10:20:28 ERROR [train] Full ETL pipeline failed after 8.91 seconds
2026-05-04 10:25:14 INFO [train] Full ETL pipeline completed successfully in 228.54 seconds
2026-05-04 10:29:04 INFO [train] Full ETL pipeline completed successfully in 226.73 seconds
